API,excipient,API_percent,API_coated,API_coat_percent,exc_coated,exc_coat_percent,API_silica_type,exc_silica_type,API_d10,API_d50,API_d90,API_d32,API_surf_eng,API_density,exc_d10,exc_d50,exc_d90,exc_d32,exc_surf_eng,exc_density,FF,FF_regime,API AR(-),API 1/AR,API Sphericity(-),API Elongation(-),exc AR(-),exc 1/AR,exc Sphericity(-),exc Elongation(-),,,,,,,,,,,,,,,,,,,,,,,,,,,,,,,,,,,,,,,,,,,,,,,,,,,,
1,111,100,0,0,0,0,0,0,3.1,20,82,7.3,0.041,1290,0,0,0,0,0,0,2.66,2,0.55,1.818181818,0.81,0.45,0,0,0,0,,,,,,,,,,,,,,,,,,,,,,,,,,,,,,,,,,,,,,,,,,,,,,,,,,,,
1,111,100,1,25,0,0,1,0,3.1,20,82,7.3,0.041,1290,0,0,0,0,0,0,4.37,3,0.55,1.818181818,0.81,0.45,0,0,0,0,,,,,,,,,,,,,,,,,,,,,,,,,,,,,,,,,,,,,,,,,,,,,,,,,,,,
1,111,100,1,25,0,0,2,0,3.1,20,82,7.3,0.041,1290,0,0,0,0,0,0,4.06,3,0.55,1.818181818,0.81,0.45,0,0,0,0,,,,,,,,,,,,,,,,,,,,,,,,,,,,,,,,,,,,,,,,,,,,,,,,,,,,
1,111,100,1,50,0,0,1,0,3.1,20,82,7.3,0.041,1290,0,0,0,0,0,0,5.32,3,0.55,1.818181818,0.81,0.45,0,0,0,0,,,,,,,,,,,,,,,,,,,,,,,,,,,,,,,,,,,,,,,,,,,,,,,,,,,,
1,111,100,1,50,0,0,2,0,3.1,20,82,7.3,0.041,1290,0,0,0,0,0,0,6.13,4,0.55,1.818181818,0.81,0.45,0,0,0,0,,,,,,,,,,,,,,,,,,,,,,,,,,,,,,,,,,,,,,,,,,,,,,,,,,,,
1,111,100,1,100,0,0,1,0,3.1,20,82,7.3,0.041,1290,0,0,0,0,0,0,5.96,3,0.55,1.818181818,0.81,0.45,0,0,0,0,,,,,,,,,,,,,,,,,,,,,,,,,,,,,,,,,,,,,,,,,,,,,,,,,,,,
1,111,100,1,100,0,0,2,0,3.1,20,82,7.3,0.041,1290,0,0,0,0,0,0,7.02,4,0.55,1.818181818,0.81,0.45,0,0,0,0,,,,,,,,,,,,,,,,,,,,,,,,,,,,,,,,,,,,,,,,,,,,,,,,,,,,
2,111,100,0,0,0,0,0,0,2.5,6.9,15,4.5,0.039545,1263,0,0,0,0,0,0,1.4,1,0.66,1.52,0.90,0.64,0,0,0,0,,,,,,,,,,,,,,,,,,,,,,,,,,,,,,,,,,,,,,,,,,,,,,,,,,,,
2,111,100,1,25,0,0,1,0,2.5,6.9,15,4.5,0.039545,1263,0,0,0,0,0,0,5.32,3,0.66,1.515151515,0.9,0.64,0,0,0,0,,,,,,,,,,,,,,,,,,,,,,,,,,,,,,,,,,,,,,,,,,,,,,,,,,,,
2,111,100,1,25,0,0,2,0,2.5,6.9,15,4.5,0.039545,1263,0,0,0,0,0,0,4.91,3,0.66,1.515151515,0.9,0.64,0,0,0,0,,,,,,,,,,,,,,,,,,,,,,,,,,,,,,,,,,,,,,,,,,,,,,,,,,,,
2,111,100,1,50,0,0,1,0,2.5,6.9,15,4.5,0.039545,1263,0,0,0,0,0,0,6.1,4,0.66,1.515151515,0.9,0.64,0,0,0,0,,,,,,,,,,,,,,,,,,,,,,,,,,,,,,,,,,,,,,,,,,,,,,,,,,,,
2,111,100,1,50,0,0,2,0,2.5,6.9,15,4.5,0.039545,1263,0,0,0,0,0,0,7.9,4,0.66,1.515151515,0.9,0.64,0,0,0,0,,,,,,,,,,,,,,,,,,,,,,,,,,,,,,,,,,,,,,,,,,,,,,,,,,,,
2,111,100,1,100,0,0,1,0,2.5,6.9,15,4.5,0.039545,1263,0,0,0,0,0,0,5.99,3,0.66,1.515151515,0.9,0.64,0,0,0,0,,,,,,,,,,,,,,,,,,,,,,,,,,,,,,,,,,,,,,,,,,,,,,,,,,,,
2,111,100,1,100,0,0,2,0,2.5,6.9,15,4.5,0.039545,1263,0,0,0,0,0,0,7.74,4,0.66,1.515151515,0.9,0.64,0,0,0,0,,,,,,,,,,,,,,,,,,,,,,,,,,,,,,,,,,,,,,,,,,,,,,,,,,,,
3,111,100,0,0,0,0,0,0,3,8,19.3,5.5,0.04,1430,0,0,0,0,0,0,2.98,2,0.64,1.5625,0.84,0.55,0,0,0,0,,,,,,,,,,,,,,,,,,,,,,,,,,,,,,,,,,,,,,,,,,,,,,,,,,,,
3,111,100,1,25,0,0,1,0,3,8,19.3,5.5,0.04,1430,0,0,0,0,0,0,2.99,2,0.64,1.5625,0.84,0.55,0,0,0,0,,,,,,,,,,,,,,,,,,,,,,,,,,,,,,,,,,,,,,,,,,,,,,,,,,,,
3,111,100,1,25,0,0,2,0,3,8,19.3,5.5,0.04,1430,0,0,0,0,0,0,3.33,2,0.64,1.5625,0.84,0.55,0,0,0,0,,,,,,,,,,,,,,,,,,,,,,,,,,,,,,,,,,,,,,,,,,,,,,,,,,,,
3,111,100,1,50,0,0,1,0,3,8,19.3,5.5,0.04,1430,0,0,0,0,0,0,3.03,2,0.64,1.5625,0.84,0.55,0,0,0,0,,,,,,,,,,,,,,,,,,,,,,,,,,,,,,,,,,,,,,,,,,,,,,,,,,,,
3,111,100,1,50,0,0,2,0,3,8,19.3,5.5,0.04,1430,0,0,0,0,0,0,3.97,2,0.64,1.5625,0.84,0.55,0,0,0,0,,,,,,,,,,,,,,,,,,,,,,,,,,,,,,,,,,,,,,,,,,,,,,,,,,,,
3,111,100,1,100,0,0,1,0,3,8,19.3,5.5,0.04,1430,0,0,0,0,0,0,3.89,2,0.64,1.5625,0.84,0.55,0,0,0,0,,,,,,,,,,,,,,,,,,,,,,,,,,,,,,,,,,,,,,,,,,,,,,,,,,,,
3,111,100,1,100,0,0,2,0,3,8,19.3,5.5,0.04,1430,0,0,0,0,0,0,4.46,3,0.64,1.5625,0.84,0.55,0,0,0,0,,,,,,,,,,,,,,,,,,,,,,,,,,,,,,,,,,,,,,,,,,,,,,,,,,,,
4,111,100,0,0,0,0,0,0,8.01,28.5,58.7,12.1,0.039,1120,0,0,0,0,0,0,3.2,2,0.6,1.666666667,0.84,0.49,0,0,0,0,,,,,,,,,,,,,,,,,,,,,,,,,,,,,,,,,,,,,,,,,,,,,,,,,,,,
4,111,100,1,100,0,0,1,0,8.01,28.5,58.7,12.1,0.039,1120,0,0,0,0,0,0,5.4,3,0.6,1.666666667,0.84,0.49,0,0,0,0,,,,,,,,,,,,,,,,,,,,,,,,,,,,,,,,,,,,,,,,,,,,,,,,,,,,
5,111,100,0,0,0,0,0,0,10.6,35.2,65.1,14.1,0.03892,1120,0,0,0,0,0,0,4.37,3,0.6,1.666666667,0.83,0.48,0,0,0,0,,,,,,,,,,,,,,,,,,,,,,,,,,,,,,,,,,,,,,,,,,,,,,,,,,,,
6,111,100,0,0,0,0,0,0,9.5,41,98,19.3,0.03892,1120,0,0,0,0,0,0,4.29,3,0.58,1.72,0.82,0.46,0,0,0,0,,,,,,,,,,,,,,,,,,,,,,,,,,,,,,,,,,,,,,,,,,,,,,,,,,,,
6,111,100,1,25,0,0,1,0,9.5,41,98,19.3,0.03892,1120,0,0,0,0,0,0,7.71,4,0.58,1.724137931,0.82,0.46,0,0,0,0,,,,,,,,,,,,,,,,,,,,,,,,,,,,,,,,,,,,,,,,,,,,,,,,,,,,
6,111,100,1,25,0,0,2,0,9.5,41,98,19.3,0.03892,1120,0,0,0,0,0,0,6.11,4,0.58,1.724137931,0.82,0.46,0,0,0,0,,,,,,,,,,,,,,,,,,,,,,,,,,,,,,,,,,,,,,,,,,,,,,,,,,,,
6,111,100,1,50,0,0,1,0,9.5,41,98,19.3,0.03892,1120,0,0,0,0,0,0,9.02,4,0.58,1.724137931,0.82,0.46,0,0,0,0,,,,,,,,,,,,,,,,,,,,,,,,,,,,,,,,,,,,,,,,,,,,,,,,,,,,
6,111,100,1,50,0,0,2,0,9.5,41,98,19.3,0.03892,1120,0,0,0,0,0,0,241,5,0.58,1.724137931,0.82,0.46,0,0,0,0,,,,,,,,,,,,,,,,,,,,,,,,,,,,,,,,,,,,,,,,,,,,,,,,,,,,
6,111,100,1,100,0,0,1,0,9.5,41,98,19.3,0.03892,1120,0,0,0,0,0,0,13.87,5,0.58,1.724137931,0.82,0.46,0,0,0,0,,,,,,,,,,,,,,,,,,,,,,,,,,,,,,,,,,,,,,,,,,,,,,,,,,,,
6,111,100,1,100,0,0,2,0,9.5,41,98,19.3,0.03892,1120,0,0,0,0,0,0,70.6,5,0.58,1.724137931,0.82,0.46,0,0,0,0,,,,,,,,,,,,,,,,,,,,,,,,,,,,,,,,,,,,,,,,,,,,,,,,,,,,
7,111,100,0,0,0,0,0,0,9.1,52.2,135,15.5,0.03892,1120,0,0,0,0,0,0,6.7,4,0.59,1.694915254,0.83,0.47,0,0,0,0,,,,,,,,,,,,,,,,,,,,,,,,,,,,,,,,,,,,,,,,,,,,,,,,,,,,
8,111,100,0,0,0,0,0,0,2.5,10,27.8,5.25,0.03643,1365,0,0,0,0,0,0,2.06,2,0,0,0,0,0,0,0,0,,,,,,,,,,,,,,,,,,,,,,,,,,,,,,,,,,,,,,,,,,,,,,,,,,,,
8,111,100,1,25,0,0,1,0,2.5,10,27.8,5.25,0.03643,1365,0,0,0,0,0,0,2.73,2,0,0,0,0,0,0,0,0,,,,,,,,,,,,,,,,,,,,,,,,,,,,,,,,,,,,,,,,,,,,,,,,,,,,
8,111,100,1,25,0,0,2,0,2.5,10,27.8,5.25,0.03643,1365,0,0,0,0,0,0,4.07,3,0,0,0,0,0,0,0,0,,,,,,,,,,,,,,,,,,,,,,,,,,,,,,,,,,,,,,,,,,,,,,,,,,,,
8,111,100,1,50,0,0,1,0,2.5,10,27.8,5.25,0.03643,1365,0,0,0,0,0,0,4.04,3,0,0,0,0,0,0,0,0,,,,,,,,,,,,,,,,,,,,,,,,,,,,,,,,,,,,,,,,,,,,,,,,,,,,
8,111,100,1,50,0,0,2,0,2.5,10,27.8,5.25,0.03643,1365,0,0,0,0,0,0,6.59,4,0,0,0,0,0,0,0,0,,,,,,,,,,,,,,,,,,,,,,,,,,,,,,,,,,,,,,,,,,,,,,,,,,,,
8,111,100,1,100,0,0,1,0,2.5,10,27.8,5.25,0.03643,1365,0,0,0,0,0,0,4.33,3,0,0,0,0,0,0,0,0,,,,,,,,,,,,,,,,,,,,,,,,,,,,,,,,,,,,,,,,,,,,,,,,,,,,
8,111,100,1,100,0,0,2,0,2.5,10,27.8,5.25,0.03643,1365,0,0,0,0,0,0,6.37,4,0,0,0,0,0,0,0,0,,,,,,,,,,,,,,,,,,,,,,,,,,,,,,,,,,,,,,,,,,,,,,,,,,,,
9,111,100,0,0,0,0,0,0,2.42,8.4,27.6,5.2,0.046,1290,0,0,0,0,0,0,1.18,1,0.61,1.639344262,0.81,0.5,0,0,0,0,,,,,,,,,,,,,,,,,,,,,,,,,,,,,,,,,,,,,,,,,,,,,,,,,,,,
9,111,100,1,25,0,0,1,0,2.42,8.4,27.6,5.2,0.046,1290,0,0,0,0,0,0,6.6,4,0.61,1.639344262,0.81,0.5,0,0,0,0,,,,,,,,,,,,,,,,,,,,,,,,,,,,,,,,,,,,,,,,,,,,,,,,,,,,
9,111,100,1,25,0,0,2,0,2.42,8.4,27.6,5.2,0.046,1290,0,0,0,0,0,0,6.55,4,0.61,1.639344262,0.81,0.5,0,0,0,0,,,,,,,,,,,,,,,,,,,,,,,,,,,,,,,,,,,,,,,,,,,,,,,,,,,,
9,111,100,1,50,0,0,1,0,2.42,8.4,27.6,5.2,0.046,1290,0,0,0,0,0,0,6.02,4,0.61,1.639344262,0.81,0.5,0,0,0,0,,,,,,,,,,,,,,,,,,,,,,,,,,,,,,,,,,,,,,,,,,,,,,,,,,,,
9,111,100,1,50,0,0,2,0,2.42,8.4,27.6,5.2,0.046,1290,0,0,0,0,0,0,5.69,3,0.61,1.639344262,0.81,0.5,0,0,0,0,,,,,,,,,,,,,,,,,,,,,,,,,,,,,,,,,,,,,,,,,,,,,,,,,,,,
9,111,100,1,100,0,0,1,0,2.42,8.4,27.6,5.2,0.046,1290,0,0,0,0,0,0,5.8,3,0.61,1.639344262,0.81,0.5,0,0,0,0,,,,,,,,,,,,,,,,,,,,,,,,,,,,,,,,,,,,,,,,,,,,,,,,,,,,
9,111,100,1,100,0,0,2,0,2.42,8.4,27.6,5.2,0.046,1290,0,0,0,0,0,0,5.12,3,0.61,1.639344262,0.81,0.5,0,0,0,0,,,,,,,,,,,,,,,,,,,,,,,,,,,,,,,,,,,,,,,,,,,,,,,,,,,,
10,222,0,0,0,0,0,0,0,0,0,0,0,0,0,21.2,64.2,143,42.9,0.04233,1562,7.26,4,0,0,0,0,0.57,1.754385965,0.79,0.42,,,,,,,,,,,,,,,,,,,,,,,,,,,,,,,,,,,,,,,,,,,,,,,,,,,,
1,333,25,0,0,0,0,0,0,3.1,20,82,7.3,0.041,1290,31.3,117,165.4,49.1,0.056,1563,6.1674,3,0.55,1.818181818,0.81,0.45,0.59,1.694915254,0.78,0.38,,,,,,,,,,,,,,,,,,,,,,,,,,,,,,,,,,,,,,,,,,,,,,,,,,,,
1,333,25,1,50,0,0,1,0,3.1,20,82,7.3,0.041,1290,31.3,117,165.4,49.1,0.056,1563,10.2367,4,0.55,1.818181818,0.81,0.45,0.59,1.694915254,0.78,0.38,,,,,,,,,,,,,,,,,,,,,,,,,,,,,,,,,,,,,,,,,,,,,,,,,,,,
1,333,25,1,75,0,0,1,0,3.1,20,82,7.3,0.041,1290,31.3,117,165.4,49.1,0.056,1563,12.2534,4,0.55,1.818181818,0.81,0.45,0.59,1.694915254,0.78,0.38,,,,,,,,,,,,,,,,,,,,,,,,,,,,,,,,,,,,,,,,,,,,,,,,,,,,
1,333,25,1,25,0,0,1,0,3.1,20,82,7.3,0.041,1290,31.3,117,165.4,49.1,0.056,1563,13.5836,4,0.55,1.818181818,0.81,0.45,0.59,1.694915254,0.78,0.38,,,,,,,,,,,,,,,,,,,,,,,,,,,,,,,,,,,,,,,,,,,,,,,,,,,,
1,333,25,1,1,0,0,1,0,3.1,20,82,7.3,0.041,1290,31.3,117,165.4,49.1,0.056,1563,14.8,4,0.55,1.818181818,0.81,0.45,0.59,1.694915254,0.78,0.38,,,,,,,,,,,,,,,,,,,,,,,,,,,,,,,,,,,,,,,,,,,,,,,,,,,,
1,333,25,1,100,0,0,1,0,3.1,20,82,7.3,0.041,1290,31.3,117,165.4,49.1,0.056,1563,14.8761,4,0.55,1.818181818,0.81,0.45,0.59,1.694915254,0.78,0.38,,,,,,,,,,,,,,,,,,,,,,,,,,,,,,,,,,,,,,,,,,,,,,,,,,,,
1,333,25,0,0,1,100,0,1,3.1,20,82,7.3,0.041,1290,31.3,117,165.4,49.1,0.056,1563,20.17,4,0.55,1.818181818,0.81,0.45,0.59,1.694915254,0.78,0.38,,,,,,,,,,,,,,,,,,,,,,,,,,,,,,,,,,,,,,,,,,,,,,,,,,,,
1,333,50,0,0,1,100,0,1,3.1,20,82,7.3,0.041,1290,31.3,117,165.4,49.1,0.056,1563,3.53,2,0.55,1.818181818,0.81,0.45,0.59,1.694915254,0.78,0.38,,,,,,,,,,,,,,,,,,,,,,,,,,,,,,,,,,,,,,,,,,,,,,,,,,,,
1,333,50,0,0,0,0,0,0,3.1,20,82,7.3,0.041,1290,31.3,117,165.4,49.1,0.056,1563,3.6175,2,0.55,1.818181818,0.81,0.45,0.59,1.694915254,0.78,0.38,,,,,,,,,,,,,,,,,,,,,,,,,,,,,,,,,,,,,,,,,,,,,,,,,,,,
1,333,50,1,25,0,0,1,0,3.1,20,82,7.3,0.041,1290,31.3,117,165.4,49.1,0.056,1563,6.6816,3,0.55,1.818181818,0.81,0.45,0.59,1.694915254,0.78,0.38,,,,,,,,,,,,,,,,,,,,,,,,,,,,,,,,,,,,,,,,,,,,,,,,,,,,
1,333,50,1,50,0,0,1,0,3.1,20,82,7.3,0.041,1290,31.3,117,165.4,49.1,0.056,1563,6.7643,3,0.55,1.818181818,0.81,0.45,0.59,1.694915254,0.78,0.38,,,,,,,,,,,,,,,,,,,,,,,,,,,,,,,,,,,,,,,,,,,,,,,,,,,,
1,333,50,1,100,0,0,1,0,3.1,20,82,7.3,0.041,1290,31.3,117,165.4,49.1,0.056,1563,10.0106,4,0.55,1.818181818,0.81,0.45,0.59,1.694915254,0.78,0.38,,,,,,,,,,,,,,,,,,,,,,,,,,,,,,,,,,,,,,,,,,,,,,,,,,,,
1,333,50,1,1,0,0,1,0,3.1,20,82,7.3,0.041,1290,31.3,117,165.4,49.1,0.056,1563,12.9116,4,0.55,1.818181818,0.81,0.45,0.59,1.694915254,0.78,0.38,,,,,,,,,,,,,,,,,,,,,,,,,,,,,,,,,,,,,,,,,,,,,,,,,,,,
1,333,50,1,75,0,0,1,0,3.1,20,82,7.3,0.041,1290,31.3,117,165.4,49.1,0.056,1563,13.1528,4,0.55,1.818181818,0.81,0.45,0.59,1.694915254,0.78,0.38,,,,,,,,,,,,,,,,,,,,,,,,,,,,,,,,,,,,,,,,,,,,,,,,,,,,
1,333,75,0,0,1,100,0,1,3.1,20,82,7.3,0.041,1290,31.3,117,165.4,49.1,0.056,1563,2.09,2,0.55,1.818181818,0.81,0.45,0.59,1.694915254,0.78,0.38,,,,,,,,,,,,,,,,,,,,,,,,,,,,,,,,,,,,,,,,,,,,,,,,,,,,
1,333,75,0,0,0,0,0,0,3.1,20,82,7.3,0.041,1290,31.3,117,165.4,49.1,0.056,1563,2.1045,2,0.55,1.818181818,0.81,0.45,0.59,1.694915254,0.78,0.38,,,,,,,,,,,,,,,,,,,,,,,,,,,,,,,,,,,,,,,,,,,,,,,,,,,,
1,333,75,1,25,0,0,1,0,3.1,20,82,7.3,0.041,1290,31.3,117,165.4,49.1,0.056,1563,2.8547,2,0.55,1.818181818,0.81,0.45,0.59,1.694915254,0.78,0.38,,,,,,,,,,,,,,,,,,,,,,,,,,,,,,,,,,,,,,,,,,,,,,,,,,,,
1,333,75,1,50,0,0,1,0,3.1,20,82,7.3,0.041,1290,31.3,117,165.4,49.1,0.056,1563,2.9881,2,0.55,1.818181818,0.81,0.45,0.59,1.694915254,0.78,0.38,,,,,,,,,,,,,,,,,,,,,,,,,,,,,,,,,,,,,,,,,,,,,,,,,,,,
1,333,75,1,100,0,0,1,0,3.1,20,82,7.3,0.041,1290,31.3,117,165.4,49.1,0.056,1563,7.9464,3,0.55,1.818181818,0.81,0.45,0.59,1.694915254,0.78,0.38,,,,,,,,,,,,,,,,,,,,,,,,,,,,,,,,,,,,,,,,,,,,,,,,,,,,
1,333,75,1,75,0,0,1,0,3.1,20,82,7.3,0.041,1290,31.3,117,165.4,49.1,0.056,1563,12.7795,4,0.55,1.818181818,0.81,0.45,0.59,1.694915254,0.78,0.38,,,,,,,,,,,,,,,,,,,,,,,,,,,,,,,,,,,,,,,,,,,,,,,,,,,,
1,333,75,1,1,0,0,1,0,3.1,20,82,7.3,0.041,1290,31.3,117,165.4,49.1,0.056,1563,16.1753,4,0.55,1.818181818,0.81,0.45,0.59,1.694915254,0.78,0.38,,,,,,,,,,,,,,,,,,,,,,,,,,,,,,,,,,,,,,,,,,,,,,,,,,,,
3,333,25,0,0,0,0,0,0,3,8,19.3,5.5,0.04,1430,31.3,117,165.4,49.1,0.056,1563,6.9369,3,0.64,1.5625,0.84,0.55,0.59,1.694915254,0.78,0.38,,,,,,,,,,,,,,,,,,,,,,,,,,,,,,,,,,,,,,,,,,,,,,,,,,,,
3,333,25,1,1,0,0,1,0,3,8,19.3,5.5,0.04,1430,31.3,117,165.4,49.1,0.056,1563,7.15,3,0.64,1.5625,0.84,0.55,0.59,1.694915254,0.78,0.38,,,,,,,,,,,,,,,,,,,,,,,,,,,,,,,,,,,,,,,,,,,,,,,,,,,,
3,333,25,1,75,0,0,1,0,3,8,19.3,5.5,0.04,1430,31.3,117,165.4,49.1,0.056,1563,10.9878,4,0.64,1.5625,0.84,0.55,0.59,1.694915254,0.78,0.38,,,,,,,,,,,,,,,,,,,,,,,,,,,,,,,,,,,,,,,,,,,,,,,,,,,,
3,333,25,1,100,0,0,1,0,3,8,19.3,5.5,0.04,1430,31.3,117,165.4,49.1,0.056,1563,11.2884,4,0.64,1.5625,0.84,0.55,0.59,1.694915254,0.78,0.38,,,,,,,,,,,,,,,,,,,,,,,,,,,,,,,,,,,,,,,,,,,,,,,,,,,,
3,333,25,1,25,0,0,1,0,3,8,19.3,5.5,0.04,1430,31.3,117,165.4,49.1,0.056,1563,17.0027,4,0.64,1.5625,0.84,0.55,0.59,1.694915254,0.78,0.38,,,,,,,,,,,,,,,,,,,,,,,,,,,,,,,,,,,,,,,,,,,,,,,,,,,,
3,333,25,1,50,0,0,1,0,3,8,19.3,5.5,0.04,1430,31.3,117,165.4,49.1,0.056,1563,20.1654,4,0.64,1.5625,0.84,0.55,0.59,1.694915254,0.78,0.38,,,,,,,,,,,,,,,,,,,,,,,,,,,,,,,,,,,,,,,,,,,,,,,,,,,,
3,333,50,1,25,0,0,1,0,3,8,19.3,5.5,0.04,1430,31.3,117,165.4,49.1,0.056,1563,3.37,2,0.64,1.5625,0.84,0.55,0.59,1.694915254,0.78,0.38,,,,,,,,,,,,,,,,,,,,,,,,,,,,,,,,,,,,,,,,,,,,,,,,,,,,
3,333,50,0,0,0,0,0,0,3,8,19.3,5.5,0.04,1430,31.3,117,165.4,49.1,0.056,1563,3.5651,2,0.64,1.5625,0.84,0.55,0.59,1.694915254,0.78,0.38,,,,,,,,,,,,,,,,,,,,,,,,,,,,,,,,,,,,,,,,,,,,,,,,,,,,
3,333,50,1,75,0,0,1,0,3,8,19.3,5.5,0.04,1430,31.3,117,165.4,49.1,0.056,1563,3.7757,2,0.64,1.5625,0.84,0.55,0.59,1.694915254,0.78,0.38,,,,,,,,,,,,,,,,,,,,,,,,,,,,,,,,,,,,,,,,,,,,,,,,,,,,
3,333,50,1,100,0,0,1,0,3,8,19.3,5.5,0.04,1430,31.3,117,165.4,49.1,0.056,1563,3.9135,2,0.64,1.5625,0.84,0.55,0.59,1.694915254,0.78,0.38,,,,,,,,,,,,,,,,,,,,,,,,,,,,,,,,,,,,,,,,,,,,,,,,,,,,
3,333,50,1,50,0,0,1,0,3,8,19.3,5.5,0.04,1430,31.3,117,165.4,49.1,0.056,1563,4.1165,3,0.64,1.5625,0.84,0.55,0.59,1.694915254,0.78,0.38,,,,,,,,,,,,,,,,,,,,,,,,,,,,,,,,,,,,,,,,,,,,,,,,,,,,
3,333,50,1,1,0,0,1,0,3,8,19.3,5.5,0.04,1430,31.3,117,165.4,49.1,0.056,1563,4.3367,3,0.64,1.5625,0.84,0.55,0.59,1.694915254,0.78,0.38,,,,,,,,,,,,,,,,,,,,,,,,,,,,,,,,,,,,,,,,,,,,,,,,,,,,
3,333,75,1,25,0,0,1,0,3,8,19.3,5.5,0.04,1430,31.3,117,165.4,49.1,0.056,1563,2.453,2,0.64,1.5625,0.84,0.55,0.59,1.694915254,0.78,0.38,,,,,,,,,,,,,,,,,,,,,,,,,,,,,,,,,,,,,,,,,,,,,,,,,,,,
3,333,75,1,50,0,0,1,0,3,8,19.3,5.5,0.04,1430,31.3,117,165.4,49.1,0.056,1563,2.7381,2,0.64,1.5625,0.84,0.55,0.59,1.694915254,0.78,0.38,,,,,,,,,,,,,,,,,,,,,,,,,,,,,,,,,,,,,,,,,,,,,,,,,,,,
3,333,75,0,0,0,0,0,0,3,8,19.3,5.5,0.04,1430,31.3,117,165.4,49.1,0.056,1563,2.823,2,0.64,1.5625,0.84,0.55,0.59,1.694915254,0.78,0.38,,,,,,,,,,,,,,,,,,,,,,,,,,,,,,,,,,,,,,,,,,,,,,,,,,,,
3,333,75,1,75,0,0,1,0,3,8,19.3,5.5,0.04,1430,31.3,117,165.4,49.1,0.056,1563,2.834,2,0.64,1.5625,0.84,0.55,0.59,1.694915254,0.78,0.38,,,,,,,,,,,,,,,,,,,,,,,,,,,,,,,,,,,,,,,,,,,,,,,,,,,,
3,333,75,1,1,0,0,1,0,3,8,19.3,5.5,0.04,1430,31.3,117,165.4,49.1,0.056,1563,2.9398,2,0.64,1.5625,0.84,0.55,0.59,1.694915254,0.78,0.38,,,,,,,,,,,,,,,,,,,,,,,,,,,,,,,,,,,,,,,,,,,,,,,,,,,,
3,333,75,1,100,0,0,1,0,3,8,19.3,5.5,0.04,1430,31.3,117,165.4,49.1,0.056,1563,3.4411,2,0.64,1.5625,0.84,0.55,0.59,1.694915254,0.78,0.38,,,,,,,,,,,,,,,,,,,,,,,,,,,,,,,,,,,,,,,,,,,,,,,,,,,,
4,333,25,0,0,0,0,0,0,8.01,28.5,58.7,12.1,0.039,1120,31.3,117,165.4,49.1,0.056,1563,5.5047,3,0.6,1.666666667,0.84,0.49,0.59,1.694915254,0.78,0.38,,,,,,,,,,,,,,,,,,,,,,,,,,,,,,,,,,,,,,,,,,,,,,,,,,,,
4,333,25,1,25,0,0,1,0,8.01,28.5,58.7,12.1,0.039,1120,31.3,117,165.4,49.1,0.056,1563,9.8298,3,0.6,1.666666667,0.84,0.49,0.59,1.694915254,0.78,0.38,,,,,,,,,,,,,,,,,,,,,,,,,,,,,,,,,,,,,,,,,,,,,,,,,,,,
4,333,25,1,50,0,0,1,0,8.01,28.5,58.7,12.1,0.039,1120,31.3,117,165.4,49.1,0.056,1563,14.5282,4,0.6,1.666666667,0.84,0.49,0.59,1.694915254,0.78,0.38,,,,,,,,,,,,,,,,,,,,,,,,,,,,,,,,,,,,,,,,,,,,,,,,,,,,
4,333,25,1,75,0,0,1,0,8.01,28.5,58.7,12.1,0.039,1120,31.3,117,165.4,49.1,0.056,1563,20.1249,4,0.6,1.666666667,0.84,0.49,0.59,1.694915254,0.78,0.38,,,,,,,,,,,,,,,,,,,,,,,,,,,,,,,,,,,,,,,,,,,,,,,,,,,,
4,333,25,1,100,0,0,1,0,8.01,28.5,58.7,12.1,0.039,1120,31.3,117,165.4,49.1,0.056,1563,22.6,4,0.6,1.666666667,0.84,0.49,0.59,1.694915254,0.78,0.38,,,,,,,,,,,,,,,,,,,,,,,,,,,,,,,,,,,,,,,,,,,,,,,,,,,,
4,333,50,0,0,0,0,0,0,8.01,28.5,58.7,12.1,0.039,1120,31.3,117,165.4,49.1,0.056,1563,4.2581,3,0.6,1.666666667,0.84,0.49,0.59,1.694915254,0.78,0.38,,,,,,,,,,,,,,,,,,,,,,,,,,,,,,,,,,,,,,,,,,,,,,,,,,,,
4,333,50,1,25,0,0,1,0,8.01,28.5,58.7,12.1,0.039,1120,31.3,117,165.4,49.1,0.056,1563,8.1767,3,0.6,1.666666667,0.84,0.49,0.59,1.694915254,0.78,0.38,,,,,,,,,,,,,,,,,,,,,,,,,,,,,,,,,,,,,,,,,,,,,,,,,,,,
4,333,50,1,75,0,0,1,0,8.01,28.5,58.7,12.1,0.039,1120,31.3,117,165.4,49.1,0.056,1563,10.24,4,0.6,1.666666667,0.84,0.49,0.59,1.694915254,0.78,0.38,,,,,,,,,,,,,,,,,,,,,,,,,,,,,,,,,,,,,,,,,,,,,,,,,,,,
4,333,50,1,100,0,0,1,0,8.01,28.5,58.7,12.1,0.039,1120,31.3,117,165.4,49.1,0.056,1563,21.3667,4,0.6,1.666666667,0.84,0.49,0.59,1.694915254,0.78,0.38,,,,,,,,,,,,,,,,,,,,,,,,,,,,,,,,,,,,,,,,,,,,,,,,,,,,
4,333,50,1,50,0,0,1,0,8.01,28.5,58.7,12.1,0.039,1120,31.3,117,165.4,49.1,0.056,1563,22.6322,4,0.6,1.666666667,0.84,0.49,0.59,1.694915254,0.78,0.38,,,,,,,,,,,,,,,,,,,,,,,,,,,,,,,,,,,,,,,,,,,,,,,,,,,,
4,333,75,0,0,0,0,0,0,8.01,28.5,58.7,12.1,0.039,1120,31.3,117,165.4,49.1,0.056,1563,2.2295,2,0.6,1.666666667,0.84,0.49,0.59,1.694915254,0.78,0.38,,,,,,,,,,,,,,,,,,,,,,,,,,,,,,,,,,,,,,,,,,,,,,,,,,,,
4,333,75,1,50,0,0,1,0,8.01,28.5,58.7,12.1,0.039,1120,31.3,117,165.4,49.1,0.056,1563,4.147,3,0.6,1.666666667,0.84,0.49,0.59,1.694915254,0.78,0.38,,,,,,,,,,,,,,,,,,,,,,,,,,,,,,,,,,,,,,,,,,,,,,,,,,,,
4,333,75,1,25,0,0,1,0,8.01,28.5,58.7,12.1,0.039,1120,31.3,117,165.4,49.1,0.056,1563,6.7069,3,0.6,1.666666667,0.84,0.49,0.59,1.694915254,0.78,0.38,,,,,,,,,,,,,,,,,,,,,,,,,,,,,,,,,,,,,,,,,,,,,,,,,,,,
4,333,75,1,75,0,0,1,0,8.01,28.5,58.7,12.1,0.039,1120,31.3,117,165.4,49.1,0.056,1563,8.1502,3,0.6,1.666666667,0.84,0.49,0.59,1.694915254,0.78,0.38,,,,,,,,,,,,,,,,,,,,,,,,,,,,,,,,,,,,,,,,,,,,,,,,,,,,
4,333,75,1,100,0,0,1,0,8.01,28.5,58.7,12.1,0.039,1120,31.3,117,165.4,49.1,0.056,1563,15.0376,4,0.6,1.666666667,0.84,0.49,0.59,1.694915254,0.78,0.38,,,,,,,,,,,,,,,,,,,,,,,,,,,,,,,,,,,,,,,,,,,,,,,,,,,,
9,333,25,0,0,0,0,0,0,2.42,8.4,27.6,5.2,0.046,1290,31.3,117,165.4,49.1,0.056,1563,5.431,3,0.61,1.639344262,0.81,0.5,0.59,1.694915254,0.78,0.38,,,,,,,,,,,,,,,,,,,,,,,,,,,,,,,,,,,,,,,,,,,,,,,,,,,,
9,333,25,0,0,1,100,0,1,2.42,8.4,27.6,5.2,0.046,1290,31.3,117,165.4,49.1,0.056,1563,7.382319,3,0.61,1.639344262,0.81,0.5,0.59,1.694915254,0.78,0.38,,,,,,,,,,,,,,,,,,,,,,,,,,,,,,,,,,,,,,,,,,,,,,,,,,,,
9,333,25,1,1,0,0,1,0,2.42,8.4,27.6,5.2,0.046,1290,31.3,117,165.4,49.1,0.056,1563,8.05,3,0.61,1.639344262,0.81,0.5,0.59,1.694915254,0.78,0.38,,,,,,,,,,,,,,,,,,,,,,,,,,,,,,,,,,,,,,,,,,,,,,,,,,,,
9,333,25,1,25,0,0,1,0,2.42,8.4,27.6,5.2,0.046,1290,31.3,117,165.4,49.1,0.056,1563,9.1877,3,0.61,1.639344262,0.81,0.5,0.59,1.694915254,0.78,0.38,,,,,,,,,,,,,,,,,,,,,,,,,,,,,,,,,,,,,,,,,,,,,,,,,,,,
9,333,25,1,100,0,0,1,0,2.42,8.4,27.6,5.2,0.046,1290,31.3,117,165.4,49.1,0.056,1563,13.0316,4,0.61,1.639344262,0.81,0.5,0.59,1.694915254,0.78,0.38,,,,,,,,,,,,,,,,,,,,,,,,,,,,,,,,,,,,,,,,,,,,,,,,,,,,
9,333,25,1,75,0,0,1,0,2.42,8.4,27.6,5.2,0.046,1290,31.3,117,165.4,49.1,0.056,1563,16.243,4,0.61,1.639344262,0.81,0.5,0.59,1.694915254,0.78,0.38,,,,,,,,,,,,,,,,,,,,,,,,,,,,,,,,,,,,,,,,,,,,,,,,,,,,
9,333,25,1,50,0,0,1,0,2.42,8.4,27.6,5.2,0.046,1290,31.3,117,165.4,49.1,0.056,1563,16.45,4,0.61,1.639344262,0.81,0.5,0.59,1.694915254,0.78,0.38,,,,,,,,,,,,,,,,,,,,,,,,,,,,,,,,,,,,,,,,,,,,,,,,,,,,
9,333,50,0,0,1,100,0,1,2.42,8.4,27.6,5.2,0.046,1290,31.3,117,165.4,49.1,0.056,1563,2.215002,2,0.61,1.639344262,0.81,0.5,0.59,1.694915254,0.78,0.38,,,,,,,,,,,,,,,,,,,,,,,,,,,,,,,,,,,,,,,,,,,,,,,,,,,,
9,333,50,0,0,0,0,0,0,2.42,8.4,27.6,5.2,0.046,1290,31.3,117,165.4,49.1,0.056,1563,2.3435,2,0.61,1.639344262,0.81,0.5,0.59,1.694915254,0.78,0.38,,,,,,,,,,,,,,,,,,,,,,,,,,,,,,,,,,,,,,,,,,,,,,,,,,,,
9,333,50,1,100,0,0,1,0,2.42,8.4,27.6,5.2,0.046,1290,31.3,117,165.4,49.1,0.056,1563,4.6744,3,0.61,1.639344262,0.81,0.5,0.59,1.694915254,0.78,0.38,,,,,,,,,,,,,,,,,,,,,,,,,,,,,,,,,,,,,,,,,,,,,,,,,,,,
9,333,50,1,25,0,0,1,0,2.42,8.4,27.6,5.2,0.046,1290,31.3,117,165.4,49.1,0.056,1563,4.9246,3,0.61,1.639344262,0.81,0.5,0.59,1.694915254,0.78,0.38,,,,,,,,,,,,,,,,,,,,,,,,,,,,,,,,,,,,,,,,,,,,,,,,,,,,
9,333,50,1,75,0,0,1,0,2.42,8.4,27.6,5.2,0.046,1290,31.3,117,165.4,49.1,0.056,1563,5.2444,3,0.61,1.639344262,0.81,0.5,0.59,1.694915254,0.78,0.38,,,,,,,,,,,,,,,,,,,,,,,,,,,,,,,,,,,,,,,,,,,,,,,,,,,,
9,333,50,1,50,0,0,1,0,2.42,8.4,27.6,5.2,0.046,1290,31.3,117,165.4,49.1,0.056,1563,6.2915,3,0.61,1.639344262,0.81,0.5,0.59,1.694915254,0.78,0.38,,,,,,,,,,,,,,,,,,,,,,,,,,,,,,,,,,,,,,,,,,,,,,,,,,,,
9,333,50,1,1,0,0,1,0,2.42,8.4,27.6,5.2,0.046,1290,31.3,117,165.4,49.1,0.056,1563,9.2833,3,0.61,1.639344262,0.81,0.5,0.59,1.694915254,0.78,0.38,,,,,,,,,,,,,,,,,,,,,,,,,,,,,,,,,,,,,,,,,,,,,,,,,,,,
9,333,75,0,0,0,0,0,0,2.42,8.4,27.6,5.2,0.046,1290,31.3,117,165.4,49.1,0.056,1563,1.6129,1,0.61,1.639344262,0.81,0.5,0.59,1.694915254,0.78,0.38,,,,,,,,,,,,,,,,,,,,,,,,,,,,,,,,,,,,,,,,,,,,,,,,,,,,
9,333,75,0,0,1,100,0,1,2.42,8.4,27.6,5.2,0.046,1290,31.3,117,165.4,49.1,0.056,1563,1.750925333,1,0.61,1.639344262,0.81,0.5,0.59,1.694915254,0.78,0.38,,,,,,,,,,,,,,,,,,,,,,,,,,,,,,,,,,,,,,,,,,,,,,,,,,,,
9,333,75,1,75,0,0,1,0,2.42,8.4,27.6,5.2,0.046,1290,31.3,117,165.4,49.1,0.056,1563,3.3661,2,0.61,1.639344262,0.81,0.5,0.59,1.694915254,0.78,0.38,,,,,,,,,,,,,,,,,,,,,,,,,,,,,,,,,,,,,,,,,,,,,,,,,,,,
9,333,75,1,100,0,0,1,0,2.42,8.4,27.6,5.2,0.046,1290,31.3,117,165.4,49.1,0.056,1563,3.8618,2,0.61,1.639344262,0.81,0.5,0.59,1.694915254,0.78,0.38,,,,,,,,,,,,,,,,,,,,,,,,,,,,,,,,,,,,,,,,,,,,,,,,,,,,
9,333,75,1,25,0,0,1,0,2.42,8.4,27.6,5.2,0.046,1290,31.3,117,165.4,49.1,0.056,1563,4.0231,3,0.61,1.639344262,0.81,0.5,0.59,1.694915254,0.78,0.38,,,,,,,,,,,,,,,,,,,,,,,,,,,,,,,,,,,,,,,,,,,,,,,,,,,,
9,333,75,1,1,0,0,1,0,2.42,8.4,27.6,5.2,0.046,1290,31.3,117,165.4,49.1,0.056,1563,4.32,3,0.61,1.639344262,0.81,0.5,0.59,1.694915254,0.78,0.38,,,,,,,,,,,,,,,,,,,,,,,,,,,,,,,,,,,,,,,,,,,,,,,,,,,,
9,333,75,1,50,0,0,1,0,2.42,8.4,27.6,5.2,0.046,1290,31.3,117,165.4,49.1,0.056,1563,6.3433,3,0.61,1.639344262,0.81,0.5,0.59,1.694915254,0.78,0.38,,,,,,,,,,,,,,,,,,,,,,,,,,,,,,,,,,,,,,,,,,,,,,,,,,,,
10,333,0,0,0,0,0,0,0,0,0,0,0,0,0,31.3,117,165.4,49.1,0.056,1563,9.4,4,0,0,0,0,0.59,1.694915254,0.78,0.38,,,,,,,,,,,,,,,,,,,,,,,,,,,,,,,,,,,,,,,,,,,,,,,,,,,,
10,333,0,0,0,1,100,0,1,0,0,0,0,0,0,31.3,117,165.4,49.1,0.056,1563,86.9,5,0,0,0,0,0.59,1.694915254,0.78,0.38,,,,,,,,,,,,,,,,,,,,,,,,,,,,,,,,,,,,,,,,,,,,,,,,,,,,
10,333,0,0,0,1,100,0,2,0,0,0,0,0,0,31.3,117,165.4,49.1,0.056,1563,33.4,5,0,0,0,0,0.59,1.694915254,0.78,0.38,,,,,,,,,,,,,,,,,,,,,,,,,,,,,,,,,,,,,,,,,,,,,,,,,,,,
10,333,0,0,0,1,50,0,1,0,0,0,0,0,0,31.3,117,165.4,49.1,0.056,1563,33.9,5,0,0,0,0,0.59,1.694915254,0.78,0.38,,,,,,,,,,,,,,,,,,,,,,,,,,,,,,,,,,,,,,,,,,,,,,,,,,,,
10,333,0,0,0,1,50,0,2,0,0,0,0,0,0,31.3,117,165.4,49.1,0.056,1563,75.8,5,0,0,0,0,0.59,1.694915254,0.78,0.38,,,,,,,,,,,,,,,,,,,,,,,,,,,,,,,,,,,,,,,,,,,,,,,,,,,,
10,333,0,0,0,1,25,0,1,0,0,0,0,0,0,31.3,117,165.4,49.1,0.056,1563,16.5,5,0,0,0,0,0.59,1.694915254,0.78,0.38,,,,,,,,,,,,,,,,,,,,,,,,,,,,,,,,,,,,,,,,,,,,,,,,,,,,
10,333,0,0,0,1,25,0,2,0,0,0,0,0,0,31.3,117,165.4,49.1,0.056,1563,15,5,0,0,0,0,0.59,1.694915254,0.78,0.38,,,,,,,,,,,,,,,,,,,,,,,,,,,,,,,,,,,,,,,,,,,,,,,,,,,,
1,444,25,0,0,0,0,0,0,3.1,20,82,7.3,0.041,1290,5.6,19.3,43.4,10.8,0.048,1559,2.3884,2,0.55,1.818181818,0.81,0.45,0.61,1.639344262,0.79,0.45,,,,,,,,,,,,,,,,,,,,,,,,,,,,,,,,,,,,,,,,,,,,,,,,,,,,
1,444,25,1,25,0,0,1,0,3.1,20,82,7.3,0.041,1290,5.6,19.3,43.4,10.8,0.048,1559,3.0938,2,0.55,1.818181818,0.81,0.45,0.61,1.639344262,0.79,0.45,,,,,,,,,,,,,,,,,,,,,,,,,,,,,,,,,,,,,,,,,,,,,,,,,,,,
1,444,25,1,50,0,0,1,0,3.1,20,82,7.3,0.041,1290,5.6,19.3,43.4,10.8,0.048,1559,3.2455,2,0.55,1.818181818,0.81,0.45,0.61,1.639344262,0.79,0.45,,,,,,,,,,,,,,,,,,,,,,,,,,,,,,,,,,,,,,,,,,,,,,,,,,,,
1,444,25,1,75,0,0,1,0,3.1,20,82,7.3,0.041,1290,5.6,19.3,43.4,10.8,0.048,1559,3.3863,2,0.55,1.818181818,0.81,0.45,0.61,1.639344262,0.79,0.45,,,,,,,,,,,,,,,,,,,,,,,,,,,,,,,,,,,,,,,,,,,,,,,,,,,,
1,444,25,1,100,0,0,1,0,3.1,20,82,7.3,0.041,1290,5.6,19.3,43.4,10.8,0.048,1559,4.4934,3,0.55,1.818181818,0.81,0.45,0.61,1.639344262,0.79,0.45,,,,,,,,,,,,,,,,,,,,,,,,,,,,,,,,,,,,,,,,,,,,,,,,,,,,
1,444,25,1,1,0,0,1,0,3.1,20,82,7.3,0.041,1290,5.6,19.3,43.4,10.8,0.048,1559,5.2241,3,0.55,1.818181818,0.81,0.45,0.61,1.639344262,0.79,0.45,,,,,,,,,,,,,,,,,,,,,,,,,,,,,,,,,,,,,,,,,,,,,,,,,,,,
1,444,25,0,0,1,100,0,1,3.1,20,82,7.3,0.041,1290,5.6,19.3,43.4,10.8,0.048,1559,5.68,3,0.55,1.818181818,0.81,0.45,0.61,1.639344262,0.79,0.45,,,,,,,,,,,,,,,,,,,,,,,,,,,,,,,,,,,,,,,,,,,,,,,,,,,,
1,444,25,1,100,1,100,1,1,3.1,20,82,7.3,0.041,1290,5.6,19.3,43.4,10.8,0.048,1559,37.16386333,4,0.55,1.818181818,0.81,0.45,0.61,1.639344262,0.79,0.45,,,,,,,,,,,,,,,,,,,,,,,,,,,,,,,,,,,,,,,,,,,,,,,,,,,,
1,444,50,0,0,0,0,0,0,3.1,20,82,7.3,0.041,1290,5.6,19.3,43.4,10.8,0.048,1559,2.4985,2,0.55,1.818181818,0.81,0.45,0.61,1.639344262,0.79,0.45,,,,,,,,,,,,,,,,,,,,,,,,,,,,,,,,,,,,,,,,,,,,,,,,,,,,
1,444,50,1,25,0,0,1,0,3.1,20,82,7.3,0.041,1290,5.6,19.3,43.4,10.8,0.048,1559,3.4857,2,0.55,1.818181818,0.81,0.45,0.61,1.639344262,0.79,0.45,,,,,,,,,,,,,,,,,,,,,,,,,,,,,,,,,,,,,,,,,,,,,,,,,,,,
1,444,50,1,50,0,0,1,0,3.1,20,82,7.3,0.041,1290,5.6,19.3,43.4,10.8,0.048,1559,4.0031,3,0.55,1.818181818,0.81,0.45,0.61,1.639344262,0.79,0.45,,,,,,,,,,,,,,,,,,,,,,,,,,,,,,,,,,,,,,,,,,,,,,,,,,,,
1,444,50,1,75,0,0,1,0,3.1,20,82,7.3,0.041,1290,5.6,19.3,43.4,10.8,0.048,1559,4.5626,3,0.55,1.818181818,0.81,0.45,0.61,1.639344262,0.79,0.45,,,,,,,,,,,,,,,,,,,,,,,,,,,,,,,,,,,,,,,,,,,,,,,,,,,,
1,444,50,1,100,0,0,1,0,3.1,20,82,7.3,0.041,1290,5.6,19.3,43.4,10.8,0.048,1559,5.0035,3,0.55,1.818181818,0.81,0.45,0.61,1.639344262,0.79,0.45,,,,,,,,,,,,,,,,,,,,,,,,,,,,,,,,,,,,,,,,,,,,,,,,,,,,
1,444,50,0,0,1,100,0,1,3.1,20,82,7.3,0.041,1290,5.6,19.3,43.4,10.8,0.048,1559,6.48,3,0.55,1.818181818,0.81,0.45,0.61,1.639344262,0.79,0.45,,,,,,,,,,,,,,,,,,,,,,,,,,,,,,,,,,,,,,,,,,,,,,,,,,,,
1,444,50,1,1,0,0,1,0,3.1,20,82,7.3,0.041,1290,5.6,19.3,43.4,10.8,0.048,1559,7.5981,3,0.55,1.818181818,0.81,0.45,0.61,1.639344262,0.79,0.45,,,,,,,,,,,,,,,,,,,,,,,,,,,,,,,,,,,,,,,,,,,,,,,,,,,,
1,444,50,1,100,1,100,1,1,3.1,20,82,7.3,0.041,1290,5.6,19.3,43.4,10.8,0.048,1559,43.91,4,0.55,1.818181818,0.81,0.45,0.61,1.639344262,0.79,0.45,,,,,,,,,,,,,,,,,,,,,,,,,,,,,,,,,,,,,,,,,,,,,,,,,,,,
1,444,75,0,0,0,0,0,0,3.1,20,82,7.3,0.041,1290,5.6,19.3,43.4,10.8,0.048,1559,2.7617,2,0.55,1.818181818,0.81,0.45,0.61,1.639344262,0.79,0.45,,,,,,,,,,,,,,,,,,,,,,,,,,,,,,,,,,,,,,,,,,,,,,,,,,,,
1,444,75,1,100,0,0,1,0,3.1,20,82,7.3,0.041,1290,5.6,19.3,43.4,10.8,0.048,1559,3.8197,2,0.55,1.818181818,0.81,0.45,0.61,1.639344262,0.79,0.45,,,,,,,,,,,,,,,,,,,,,,,,,,,,,,,,,,,,,,,,,,,,,,,,,,,,
1,444,75,1,50,0,0,1,0,3.1,20,82,7.3,0.041,1290,5.6,19.3,43.4,10.8,0.048,1559,4.8387,3,0.55,1.818181818,0.81,0.45,0.61,1.639344262,0.79,0.45,,,,,,,,,,,,,,,,,,,,,,,,,,,,,,,,,,,,,,,,,,,,,,,,,,,,
1,444,75,1,75,0,0,1,0,3.1,20,82,7.3,0.041,1290,5.6,19.3,43.4,10.8,0.048,1559,5.3792,3,0.55,1.818181818,0.81,0.45,0.61,1.639344262,0.79,0.45,,,,,,,,,,,,,,,,,,,,,,,,,,,,,,,,,,,,,,,,,,,,,,,,,,,,
1,444,75,0,0,1,100,0,1,3.1,20,82,7.3,0.041,1290,5.6,19.3,43.4,10.8,0.048,1559,8.64,3,0.55,1.818181818,0.81,0.45,0.61,1.639344262,0.79,0.45,,,,,,,,,,,,,,,,,,,,,,,,,,,,,,,,,,,,,,,,,,,,,,,,,,,,
1,444,75,1,1,0,0,1,0,3.1,20,82,7.3,0.041,1290,5.6,19.3,43.4,10.8,0.048,1559,9.3555,3,0.55,1.818181818,0.81,0.45,0.61,1.639344262,0.79,0.45,,,,,,,,,,,,,,,,,,,,,,,,,,,,,,,,,,,,,,,,,,,,,,,,,,,,
1,444,75,1,25,0,0,1,0,3.1,20,82,7.3,0.041,1290,5.6,19.3,43.4,10.8,0.048,1559,12.4332,4,0.55,1.818181818,0.81,0.45,0.61,1.639344262,0.79,0.45,,,,,,,,,,,,,,,,,,,,,,,,,,,,,,,,,,,,,,,,,,,,,,,,,,,,
1,444,75,1,100,1,100,1,1,3.1,20,82,7.3,0.041,1290,5.6,19.3,43.4,10.8,0.048,1559,13.05,4,0.55,1.818181818,0.81,0.45,0.61,1.639344262,0.79,0.45,,,,,,,,,,,,,,,,,,,,,,,,,,,,,,,,,,,,,,,,,,,,,,,,,,,,
3,444,25,0,0,0,0,0,0,3,8,19.3,5.5,0.04,1430,5.6,19.3,43.4,10.8,0.048,1559,3.4499,2,0.64,1.5625,0.84,0.55,0.61,1.639344262,0.79,0.45,,,,,,,,,,,,,,,,,,,,,,,,,,,,,,,,,,,,,,,,,,,,,,,,,,,,
3,444,25,1,1,0,0,1,0,3,8,19.3,5.5,0.04,1430,5.6,19.3,43.4,10.8,0.048,1559,3.5217,2,0.64,1.5625,0.84,0.55,0.61,1.639344262,0.79,0.45,,,,,,,,,,,,,,,,,,,,,,,,,,,,,,,,,,,,,,,,,,,,,,,,,,,,
3,444,25,1,100,0,0,1,0,3,8,19.3,5.5,0.04,1430,5.6,19.3,43.4,10.8,0.048,1559,3.5303,2,0.64,1.5625,0.84,0.55,0.61,1.639344262,0.79,0.45,,,,,,,,,,,,,,,,,,,,,,,,,,,,,,,,,,,,,,,,,,,,,,,,,,,,
3,444,25,1,50,0,0,1,0,3,8,19.3,5.5,0.04,1430,5.6,19.3,43.4,10.8,0.048,1559,3.6317,2,0.64,1.5625,0.84,0.55,0.61,1.639344262,0.79,0.45,,,,,,,,,,,,,,,,,,,,,,,,,,,,,,,,,,,,,,,,,,,,,,,,,,,,
3,444,25,1,75,0,0,1,0,3,8,19.3,5.5,0.04,1430,5.6,19.3,43.4,10.8,0.048,1559,3.7425,2,0.64,1.5625,0.84,0.55,0.61,1.639344262,0.79,0.45,,,,,,,,,,,,,,,,,,,,,,,,,,,,,,,,,,,,,,,,,,,,,,,,,,,,
3,444,25,1,25,0,0,1,0,3,8,19.3,5.5,0.04,1430,5.6,19.3,43.4,10.8,0.048,1559,3.9031,2,0.64,1.5625,0.84,0.55,0.61,1.639344262,0.79,0.45,,,,,,,,,,,,,,,,,,,,,,,,,,,,,,,,,,,,,,,,,,,,,,,,,,,,
3,444,25,1,100,1,100,1,1,3,8,19.3,5.5,0.04,1430,5.6,19.3,43.4,10.8,0.048,1559,8.91,3,0.64,1.5625,0.84,0.55,0.61,1.639344262,0.79,0.45,,,,,,,,,,,,,,,,,,,,,,,,,,,,,,,,,,,,,,,,,,,,,,,,,,,,
3,444,25,0,0,1,100,0,1,3,8,19.3,5.5,0.04,1430,5.6,19.3,43.4,10.8,0.048,1559,10.4,4,0.64,1.5625,0.84,0.55,0.61,1.639344262,0.79,0.45,,,,,,,,,,,,,,,,,,,,,,,,,,,,,,,,,,,,,,,,,,,,,,,,,,,,
3,444,50,1,25,0,0,1,0,3,8,19.3,5.5,0.04,1430,5.6,19.3,43.4,10.8,0.048,1559,2.9637,2,0.64,1.5625,0.84,0.55,0.61,1.639344262,0.79,0.45,,,,,,,,,,,,,,,,,,,,,,,,,,,,,,,,,,,,,,,,,,,,,,,,,,,,
3,444,50,1,1,0,0,1,0,3,8,19.3,5.5,0.04,1430,5.6,19.3,43.4,10.8,0.048,1559,3.518,2,0.64,1.5625,0.84,0.55,0.61,1.639344262,0.79,0.45,,,,,,,,,,,,,,,,,,,,,,,,,,,,,,,,,,,,,,,,,,,,,,,,,,,,
3,444,50,0,0,0,0,0,0,3,8,19.3,5.5,0.04,1430,5.6,19.3,43.4,10.8,0.048,1559,3.5353,2,0.64,1.5625,0.84,0.55,0.61,1.639344262,0.79,0.45,,,,,,,,,,,,,,,,,,,,,,,,,,,,,,,,,,,,,,,,,,,,,,,,,,,,
3,444,50,1,100,0,0,1,0,3,8,19.3,5.5,0.04,1430,5.6,19.3,43.4,10.8,0.048,1559,3.9178,2,0.64,1.5625,0.84,0.55,0.61,1.639344262,0.79,0.45,,,,,,,,,,,,,,,,,,,,,,,,,,,,,,,,,,,,,,,,,,,,,,,,,,,,
3,444,50,1,50,0,0,1,0,3,8,19.3,5.5,0.04,1430,5.6,19.3,43.4,10.8,0.048,1559,4.3772,3,0.64,1.5625,0.84,0.55,0.61,1.639344262,0.79,0.45,,,,,,,,,,,,,,,,,,,,,,,,,,,,,,,,,,,,,,,,,,,,,,,,,,,,
3,444,50,1,75,0,0,1,0,3,8,19.3,5.5,0.04,1430,5.6,19.3,43.4,10.8,0.048,1559,4.8394,3,0.64,1.5625,0.84,0.55,0.61,1.639344262,0.79,0.45,,,,,,,,,,,,,,,,,,,,,,,,,,,,,,,,,,,,,,,,,,,,,,,,,,,,
3,444,50,0,0,1,100,0,1,3,8,19.3,5.5,0.04,1430,5.6,19.3,43.4,10.8,0.048,1559,6.68,3,0.64,1.5625,0.84,0.55,0.61,1.639344262,0.79,0.45,,,,,,,,,,,,,,,,,,,,,,,,,,,,,,,,,,,,,,,,,,,,,,,,,,,,
3,444,50,1,100,1,100,1,1,3,8,19.3,5.5,0.04,1430,5.6,19.3,43.4,10.8,0.048,1559,7.34,3,0.64,1.5625,0.84,0.55,0.61,1.639344262,0.79,0.45,,,,,,,,,,,,,,,,,,,,,,,,,,,,,,,,,,,,,,,,,,,,,,,,,,,,
3,444,75,1,25,0,0,1,0,3,8,19.3,5.5,0.04,1430,5.6,19.3,43.4,10.8,0.048,1559,2.9042,2,0.64,1.5625,0.84,0.55,0.61,1.639344262,0.79,0.45,,,,,,,,,,,,,,,,,,,,,,,,,,,,,,,,,,,,,,,,,,,,,,,,,,,,
3,444,75,0,0,1,100,0,1,3,8,19.3,5.5,0.04,1430,5.6,19.3,43.4,10.8,0.048,1559,3.55,2,0.64,1.5625,0.84,0.55,0.61,1.639344262,0.79,0.45,,,,,,,,,,,,,,,,,,,,,,,,,,,,,,,,,,,,,,,,,,,,,,,,,,,,
3,444,75,0,0,0,0,0,0,3,8,19.3,5.5,0.04,1430,5.6,19.3,43.4,10.8,0.048,1559,3.7715,2,0.64,1.5625,0.84,0.55,0.61,1.639344262,0.79,0.45,,,,,,,,,,,,,,,,,,,,,,,,,,,,,,,,,,,,,,,,,,,,,,,,,,,,
3,444,75,1,100,0,0,1,0,3,8,19.3,5.5,0.04,1430,5.6,19.3,43.4,10.8,0.048,1559,3.9867,2,0.64,1.5625,0.84,0.55,0.61,1.639344262,0.79,0.45,,,,,,,,,,,,,,,,,,,,,,,,,,,,,,,,,,,,,,,,,,,,,,,,,,,,
3,444,75,1,75,0,0,1,0,3,8,19.3,5.5,0.04,1430,5.6,19.3,43.4,10.8,0.048,1559,4.0449,3,0.64,1.5625,0.84,0.55,0.61,1.639344262,0.79,0.45,,,,,,,,,,,,,,,,,,,,,,,,,,,,,,,,,,,,,,,,,,,,,,,,,,,,
3,444,75,1,1,0,0,1,0,3,8,19.3,5.5,0.04,1430,5.6,19.3,43.4,10.8,0.048,1559,4.0596,3,0.64,1.5625,0.84,0.55,0.61,1.639344262,0.79,0.45,,,,,,,,,,,,,,,,,,,,,,,,,,,,,,,,,,,,,,,,,,,,,,,,,,,,
3,444,75,1,50,0,0,1,0,3,8,19.3,5.5,0.04,1430,5.6,19.3,43.4,10.8,0.048,1559,4.3,3,0.64,1.5625,0.84,0.55,0.61,1.639344262,0.79,0.45,,,,,,,,,,,,,,,,,,,,,,,,,,,,,,,,,,,,,,,,,,,,,,,,,,,,
3,444,75,1,100,1,100,1,1,3,8,19.3,5.5,0.04,1430,5.6,19.3,43.4,10.8,0.048,1559,4.934256,3,0.64,1.5625,0.84,0.55,0.61,1.639344262,0.79,0.45,,,,,,,,,,,,,,,,,,,,,,,,,,,,,,,,,,,,,,,,,,,,,,,,,,,,
4,444,25,0,0,0,0,0,0,8.01,28.5,58.7,12.1,0.039,1120,5.6,19.3,43.4,10.8,0.048,1559,3.9651,2,0.6,1.666666667,0.84,0.49,0.61,1.639344262,0.79,0.45,,,,,,,,,,,,,,,,,,,,,,,,,,,,,,,,,,,,,,,,,,,,,,,,,,,,
4,444,25,1,75,0,0,1,0,8.01,28.5,58.7,12.1,0.039,1120,5.6,19.3,43.4,10.8,0.048,1559,4.0605,3,0.6,1.666666667,0.84,0.49,0.61,1.639344262,0.79,0.45,,,,,,,,,,,,,,,,,,,,,,,,,,,,,,,,,,,,,,,,,,,,,,,,,,,,
4,444,25,1,50,0,0,1,0,8.01,28.5,58.7,12.1,0.039,1120,5.6,19.3,43.4,10.8,0.048,1559,5.0765,3,0.6,1.666666667,0.84,0.49,0.61,1.639344262,0.79,0.45,,,,,,,,,,,,,,,,,,,,,,,,,,,,,,,,,,,,,,,,,,,,,,,,,,,,
4,444,25,1,100,0,0,1,0,8.01,28.5,58.7,12.1,0.039,1120,5.6,19.3,43.4,10.8,0.048,1559,5.0971,3,0.6,1.666666667,0.84,0.49,0.61,1.639344262,0.79,0.45,,,,,,,,,,,,,,,,,,,,,,,,,,,,,,,,,,,,,,,,,,,,,,,,,,,,
4,444,25,1,25,0,0,1,0,8.01,28.5,58.7,12.1,0.039,1120,5.6,19.3,43.4,10.8,0.048,1559,5.2396,3,0.6,1.666666667,0.84,0.49,0.61,1.639344262,0.79,0.45,,,,,,,,,,,,,,,,,,,,,,,,,,,,,,,,,,,,,,,,,,,,,,,,,,,,
4,444,25,0,0,1,100,0,1,8.01,28.5,58.7,12.1,0.039,1120,5.6,19.3,43.4,10.8,0.048,1559,11.087227,4,0.6,1.666666667,0.84,0.49,0.61,1.639344262,0.79,0.45,,,,,,,,,,,,,,,,,,,,,,,,,,,,,,,,,,,,,,,,,,,,,,,,,,,,
4,444,50,0,0,0,0,0,0,8.01,28.5,58.7,12.1,0.039,1120,5.6,19.3,43.4,10.8,0.048,1559,3.8961,2,0.6,1.666666667,0.84,0.49,0.61,1.639344262,0.79,0.45,,,,,,,,,,,,,,,,,,,,,,,,,,,,,,,,,,,,,,,,,,,,,,,,,,,,
4,444,50,1,100,0,0,1,0,8.01,28.5,58.7,12.1,0.039,1120,5.6,19.3,43.4,10.8,0.048,1559,5.0763,3,0.6,1.666666667,0.84,0.49,0.61,1.639344262,0.79,0.45,,,,,,,,,,,,,,,,,,,,,,,,,,,,,,,,,,,,,,,,,,,,,,,,,,,,
4,444,50,1,25,0,0,1,0,8.01,28.5,58.7,12.1,0.039,1120,5.6,19.3,43.4,10.8,0.048,1559,5.2713,3,0.6,1.666666667,0.84,0.49,0.61,1.639344262,0.79,0.45,,,,,,,,,,,,,,,,,,,,,,,,,,,,,,,,,,,,,,,,,,,,,,,,,,,,
4,444,50,1,50,0,0,1,0,8.01,28.5,58.7,12.1,0.039,1120,5.6,19.3,43.4,10.8,0.048,1559,5.2784,3,0.6,1.666666667,0.84,0.49,0.61,1.639344262,0.79,0.45,,,,,,,,,,,,,,,,,,,,,,,,,,,,,,,,,,,,,,,,,,,,,,,,,,,,
4,444,50,1,75,0,0,1,0,8.01,28.5,58.7,12.1,0.039,1120,5.6,19.3,43.4,10.8,0.048,1559,5.3244,3,0.6,1.666666667,0.84,0.49,0.61,1.639344262,0.79,0.45,,,,,,,,,,,,,,,,,,,,,,,,,,,,,,,,,,,,,,,,,,,,,,,,,,,,
4,444,50,0,0,1,100,0,1,8.01,28.5,58.7,12.1,0.039,1120,5.6,19.3,43.4,10.8,0.048,1559,18.32803,4,0.6,1.666666667,0.84,0.49,0.61,1.639344262,0.79,0.45,,,,,,,,,,,,,,,,,,,,,,,,,,,,,,,,,,,,,,,,,,,,,,,,,,,,
4,444,75,0,0,0,0,0,0,8.01,28.5,58.7,12.1,0.039,1120,5.6,19.3,43.4,10.8,0.048,1559,4.1778,3,0.6,1.666666667,0.84,0.49,0.61,1.639344262,0.79,0.45,,,,,,,,,,,,,,,,,,,,,,,,,,,,,,,,,,,,,,,,,,,,,,,,,,,,
4,444,75,1,25,0,0,1,0,8.01,28.5,58.7,12.1,0.039,1120,5.6,19.3,43.4,10.8,0.048,1559,4.3993,3,0.6,1.666666667,0.84,0.49,0.61,1.639344262,0.79,0.45,,,,,,,,,,,,,,,,,,,,,,,,,,,,,,,,,,,,,,,,,,,,,,,,,,,,
4,444,75,1,50,0,0,1,0,8.01,28.5,58.7,12.1,0.039,1120,5.6,19.3,43.4,10.8,0.048,1559,4.5,3,0.6,1.666666667,0.84,0.49,0.61,1.639344262,0.79,0.45,,,,,,,,,,,,,,,,,,,,,,,,,,,,,,,,,,,,,,,,,,,,,,,,,,,,
4,444,75,1,100,0,0,1,0,8.01,28.5,58.7,12.1,0.039,1120,5.6,19.3,43.4,10.8,0.048,1559,4.8629,3,0.6,1.666666667,0.84,0.49,0.61,1.639344262,0.79,0.45,,,,,,,,,,,,,,,,,,,,,,,,,,,,,,,,,,,,,,,,,,,,,,,,,,,,
4,444,75,1,75,0,0,1,0,8.01,28.5,58.7,12.1,0.039,1120,5.6,19.3,43.4,10.8,0.048,1559,7.0275,3,0.6,1.666666667,0.84,0.49,0.61,1.639344262,0.79,0.45,,,,,,,,,,,,,,,,,,,,,,,,,,,,,,,,,,,,,,,,,,,,,,,,,,,,
4,444,75,0,0,1,100,0,1,8.01,28.5,58.7,12.1,0.039,1120,5.6,19.3,43.4,10.8,0.048,1559,12,4,0.6,1.666666667,0.84,0.49,0.61,1.639344262,0.79,0.45,,,,,,,,,,,,,,,,,,,,,,,,,,,,,,,,,,,,,,,,,,,,,,,,,,,,
9,444,25,0,0,0,0,0,0,2.42,8.4,27.6,5.2,0.046,1290,5.6,19.3,43.4,10.8,0.048,1559,3.0968,2,0.61,1.639344262,0.81,0.5,0.61,1.639344262,0.79,0.45,,,,,,,,,,,,,,,,,,,,,,,,,,,,,,,,,,,,,,,,,,,,,,,,,,,,
9,444,25,1,1,0,0,1,0,2.42,8.4,27.6,5.2,0.046,1290,5.6,19.3,43.4,10.8,0.048,1559,3.9833,2,0.61,1.639344262,0.81,0.5,0.61,1.639344262,0.79,0.45,,,,,,,,,,,,,,,,,,,,,,,,,,,,,,,,,,,,,,,,,,,,,,,,,,,,
9,444,25,1,75,0,0,1,0,2.42,8.4,27.6,5.2,0.046,1290,5.6,19.3,43.4,10.8,0.048,1559,4.5328,3,0.61,1.639344262,0.81,0.5,0.61,1.639344262,0.79,0.45,,,,,,,,,,,,,,,,,,,,,,,,,,,,,,,,,,,,,,,,,,,,,,,,,,,,
9,444,25,1,25,0,0,1,0,2.42,8.4,27.6,5.2,0.046,1290,5.6,19.3,43.4,10.8,0.048,1559,4.5681,3,0.61,1.639344262,0.81,0.5,0.61,1.639344262,0.79,0.45,,,,,,,,,,,,,,,,,,,,,,,,,,,,,,,,,,,,,,,,,,,,,,,,,,,,
9,444,25,1,50,0,0,1,0,2.42,8.4,27.6,5.2,0.046,1290,5.6,19.3,43.4,10.8,0.048,1559,5.0926,3,0.61,1.639344262,0.81,0.5,0.61,1.639344262,0.79,0.45,,,,,,,,,,,,,,,,,,,,,,,,,,,,,,,,,,,,,,,,,,,,,,,,,,,,
9,444,25,1,100,0,0,1,0,2.42,8.4,27.6,5.2,0.046,1290,5.6,19.3,43.4,10.8,0.048,1559,5.4983,3,0.61,1.639344262,0.81,0.5,0.61,1.639344262,0.79,0.45,,,,,,,,,,,,,,,,,,,,,,,,,,,,,,,,,,,,,,,,,,,,,,,,,,,,
9,444,25,0,0,1,100,0,1,2.42,8.4,27.6,5.2,0.046,1290,5.6,19.3,43.4,10.8,0.048,1559,7.869634333,3,0.61,1.639344262,0.81,0.5,0.61,1.639344262,0.79,0.45,,,,,,,,,,,,,,,,,,,,,,,,,,,,,,,,,,,,,,,,,,,,,,,,,,,,
9,444,25,1,100,1,100,1,1,2.42,8.4,27.6,5.2,0.046,1290,5.6,19.3,43.4,10.8,0.048,1559,11.35,4,0.61,1.639344262,0.81,0.5,0.61,1.639344262,0.79,0.45,,,,,,,,,,,,,,,,,,,,,,,,,,,,,,,,,,,,,,,,,,,,,,,,,,,,
9,444,50,0,0,0,0,0,0,2.42,8.4,27.6,5.2,0.046,1290,5.6,19.3,43.4,10.8,0.048,1559,2.3932,2,0.61,1.639344262,0.81,0.5,0.61,1.639344262,0.79,0.45,,,,,,,,,,,,,,,,,,,,,,,,,,,,,,,,,,,,,,,,,,,,,,,,,,,,
9,444,50,1,1,0,0,1,0,2.42,8.4,27.6,5.2,0.046,1290,5.6,19.3,43.4,10.8,0.048,1559,4.2667,3,0.61,1.639344262,0.81,0.5,0.61,1.639344262,0.79,0.45,,,,,,,,,,,,,,,,,,,,,,,,,,,,,,,,,,,,,,,,,,,,,,,,,,,,
9,444,50,0,0,1,100,0,1,2.42,8.4,27.6,5.2,0.046,1290,5.6,19.3,43.4,10.8,0.048,1559,4.312177667,3,0.61,1.639344262,0.81,0.5,0.61,1.639344262,0.79,0.45,,,,,,,,,,,,,,,,,,,,,,,,,,,,,,,,,,,,,,,,,,,,,,,,,,,,
9,444,50,1,25,0,0,1,0,2.42,8.4,27.6,5.2,0.046,1290,5.6,19.3,43.4,10.8,0.048,1559,4.9596,3,0.61,1.639344262,0.81,0.5,0.61,1.639344262,0.79,0.45,,,,,,,,,,,,,,,,,,,,,,,,,,,,,,,,,,,,,,,,,,,,,,,,,,,,
9,444,50,1,75,0,0,1,0,2.42,8.4,27.6,5.2,0.046,1290,5.6,19.3,43.4,10.8,0.048,1559,5.6966,3,0.61,1.639344262,0.81,0.5,0.61,1.639344262,0.79,0.45,,,,,,,,,,,,,,,,,,,,,,,,,,,,,,,,,,,,,,,,,,,,,,,,,,,,
9,444,50,1,100,0,0,1,0,2.42,8.4,27.6,5.2,0.046,1290,5.6,19.3,43.4,10.8,0.048,1559,5.9974,3,0.61,1.639344262,0.81,0.5,0.61,1.639344262,0.79,0.45,,,,,,,,,,,,,,,,,,,,,,,,,,,,,,,,,,,,,,,,,,,,,,,,,,,,
9,444,50,1,50,0,0,1,0,2.42,8.4,27.6,5.2,0.046,1290,5.6,19.3,43.4,10.8,0.048,1559,9.8286,3,0.61,1.639344262,0.81,0.5,0.61,1.639344262,0.79,0.45,,,,,,,,,,,,,,,,,,,,,,,,,,,,,,,,,,,,,,,,,,,,,,,,,,,,
9,444,50,1,100,1,100,1,1,2.42,8.4,27.6,5.2,0.046,1290,5.6,19.3,43.4,10.8,0.048,1559,16.73333,4,0.61,1.639344262,0.81,0.5,0.61,1.639344262,0.79,0.45,,,,,,,,,,,,,,,,,,,,,,,,,,,,,,,,,,,,,,,,,,,,,,,,,,,,
9,444,75,0,0,1,100,0,1,2.42,8.4,27.6,5.2,0.046,1290,5.6,19.3,43.4,10.8,0.048,1559,1.752363333,1,0.61,1.639344262,0.81,0.5,0.61,1.639344262,0.79,0.45,,,,,,,,,,,,,,,,,,,,,,,,,,,,,,,,,,,,,,,,,,,,,,,,,,,,
9,444,75,0,0,0,0,0,0,2.42,8.4,27.6,5.2,0.046,1290,5.6,19.3,43.4,10.8,0.048,1559,2.155,2,0.61,1.639344262,0.81,0.5,0.61,1.639344262,0.79,0.45,,,,,,,,,,,,,,,,,,,,,,,,,,,,,,,,,,,,,,,,,,,,,,,,,,,,
9,444,75,1,25,0,0,1,0,2.42,8.4,27.6,5.2,0.046,1290,5.6,19.3,43.4,10.8,0.048,1559,5.01,3,0.61,1.639344262,0.81,0.5,0.61,1.639344262,0.79,0.45,,,,,,,,,,,,,,,,,,,,,,,,,,,,,,,,,,,,,,,,,,,,,,,,,,,,
9,444,75,1,1,0,0,1,0,2.42,8.4,27.6,5.2,0.046,1290,5.6,19.3,43.4,10.8,0.048,1559,5.18,3,0.61,1.639344262,0.81,0.5,0.61,1.639344262,0.79,0.45,,,,,,,,,,,,,,,,,,,,,,,,,,,,,,,,,,,,,,,,,,,,,,,,,,,,
9,444,75,1,75,0,0,1,0,2.42,8.4,27.6,5.2,0.046,1290,5.6,19.3,43.4,10.8,0.048,1559,5.7617,3,0.61,1.639344262,0.81,0.5,0.61,1.639344262,0.79,0.45,,,,,,,,,,,,,,,,,,,,,,,,,,,,,,,,,,,,,,,,,,,,,,,,,,,,
9,444,75,1,100,1,100,1,1,2.42,8.4,27.6,5.2,0.046,1290,5.6,19.3,43.4,10.8,0.048,1559,6.076666,3,0.61,1.639344262,0.81,0.5,0.61,1.639344262,0.79,0.45,,,,,,,,,,,,,,,,,,,,,,,,,,,,,,,,,,,,,,,,,,,,,,,,,,,,
9,444,75,1,100,0,0,1,0,2.42,8.4,27.6,5.2,0.046,1290,5.6,19.3,43.4,10.8,0.048,1559,7.0836,3,0.61,1.639344262,0.81,0.5,0.61,1.639344262,0.79,0.45,,,,,,,,,,,,,,,,,,,,,,,,,,,,,,,,,,,,,,,,,,,,,,,,,,,,
9,444,75,1,50,0,0,1,0,2.42,8.4,27.6,5.2,0.046,1290,5.6,19.3,43.4,10.8,0.048,1559,8.9096,3,0.61,1.639344262,0.81,0.5,0.61,1.639344262,0.79,0.45,,,,,,,,,,,,,,,,,,,,,,,,,,,,,,,,,,,,,,,,,,,,,,,,,,,,
10,444,0,0,0,0,0,0,0,0,0,0,0,0,0,5.6,19.3,43.4,10.8,0.048,1559,2.35,2,0,0,0,0,0.61,1.639344262,0.79,0.45,,,,,,,,,,,,,,,,,,,,,,,,,,,,,,,,,,,,,,,,,,,,,,,,,,,,
10,444,0,0,0,1,100,0,1,0,0,0,0,0,0,5.6,19.3,43.4,10.8,0.048,1559,17.7,5,0,0,0,0,0.61,1.639344262,0.79,0.45,,,,,,,,,,,,,,,,,,,,,,,,,,,,,,,,,,,,,,,,,,,,,,,,,,,,
10,444,0,0,0,1,100,0,2,0,0,0,0,0,0,5.6,19.3,43.4,10.8,0.048,1559,41.4,5,0,0,0,0,0.61,1.639344262,0.79,0.45,,,,,,,,,,,,,,,,,,,,,,,,,,,,,,,,,,,,,,,,,,,,,,,,,,,,
10,444,0,0,0,1,50,0,1,0,0,0,0,0,0,5.6,19.3,43.4,10.8,0.048,1559,12.5,5,0,0,0,0,0.61,1.639344262,0.79,0.45,,,,,,,,,,,,,,,,,,,,,,,,,,,,,,,,,,,,,,,,,,,,,,,,,,,,
10,444,0,0,0,1,50,0,2,0,0,0,0,0,0,5.6,19.3,43.4,10.8,0.048,1559,10.1,5,0,0,0,0,0.61,1.639344262,0.79,0.45,,,,,,,,,,,,,,,,,,,,,,,,,,,,,,,,,,,,,,,,,,,,,,,,,,,,
10,444,0,0,0,1,25,0,1,0,0,0,0,0,0,5.6,19.3,43.4,10.8,0.048,1559,4.27,3,0,0,0,0,0.61,1.639344262,0.79,0.45,,,,,,,,,,,,,,,,,,,,,,,,,,,,,,,,,,,,,,,,,,,,,,,,,,,,
10,444,0,0,0,1,25,0,2,0,0,0,0,0,0,5.6,19.3,43.4,10.8,0.048,1559,4.23,3,0,0,0,0,0.61,1.639344262,0.79,0.45,,,,,,,,,,,,,,,,,,,,,,,,,,,,,,,,,,,,,,,,,,,,,,,,,,,,
1,555,25,0,0,0,0,0,0,3.1,20,82,7.3,0.041,1290,53.4,185.8,322.3,100.4,0.047,1562,5.7459,3,0.55,1.818181818,0.81,0.45,0.73,1.369863014,0.86,0.52,,,,,,,,,,,,,,,,,,,,,,,,,,,,,,,,,,,,,,,,,,,,,,,,,,,,
1,555,25,0,0,1,100,0,1,3.1,20,82,7.3,0.041,1290,53.4,185.8,322.3,100.4,0.047,1562,7.24,3,0.55,1.818181818,0.81,0.45,0.73,1.369863014,0.86,0.52,,,,,,,,,,,,,,,,,,,,,,,,,,,,,,,,,,,,,,,,,,,,,,,,,,,,
1,555,25,1,50,0,0,1,0,3.1,20,82,7.3,0.041,1290,53.4,185.8,322.3,100.4,0.047,1562,10.2582,4,0.55,1.818181818,0.81,0.45,0.73,1.369863014,0.86,0.52,,,,,,,,,,,,,,,,,,,,,,,,,,,,,,,,,,,,,,,,,,,,,,,,,,,,
1,555,25,1,1,0,0,1,0,3.1,20,82,7.3,0.041,1290,53.4,185.8,322.3,100.4,0.047,1562,14.8,4,0.55,1.818181818,0.81,0.45,0.73,1.369863014,0.86,0.52,,,,,,,,,,,,,,,,,,,,,,,,,,,,,,,,,,,,,,,,,,,,,,,,,,,,
1,555,25,1,75,0,0,1,0,3.1,20,82,7.3,0.041,1290,53.4,185.8,322.3,100.4,0.047,1562,14.8,4,0.55,1.818181818,0.81,0.45,0.73,1.369863014,0.86,0.52,,,,,,,,,,,,,,,,,,,,,,,,,,,,,,,,,,,,,,,,,,,,,,,,,,,,
1,555,25,1,100,0,0,1,0,3.1,20,82,7.3,0.041,1290,53.4,185.8,322.3,100.4,0.047,1562,18,4,0.55,1.818181818,0.81,0.45,0.73,1.369863014,0.86,0.52,,,,,,,,,,,,,,,,,,,,,,,,,,,,,,,,,,,,,,,,,,,,,,,,,,,,
1,555,25,1,25,0,0,1,0,3.1,20,82,7.3,0.041,1290,53.4,185.8,322.3,100.4,0.047,1562,26.4065,4,0.55,1.818181818,0.81,0.45,0.73,1.369863014,0.86,0.52,,,,,,,,,,,,,,,,,,,,,,,,,,,,,,,,,,,,,,,,,,,,,,,,,,,,
1,555,50,0,0,0,0,0,0,3.1,20,82,7.3,0.041,1290,53.4,185.8,322.3,100.4,0.047,1562,3.0708,2,0.55,1.818181818,0.81,0.45,0.73,1.369863014,0.86,0.52,,,,,,,,,,,,,,,,,,,,,,,,,,,,,,,,,,,,,,,,,,,,,,,,,,,,
1,555,50,0,0,1,100,0,1,3.1,20,82,7.3,0.041,1290,53.4,185.8,322.3,100.4,0.047,1562,3.47,2,0.55,1.818181818,0.81,0.45,0.73,1.369863014,0.86,0.52,,,,,,,,,,,,,,,,,,,,,,,,,,,,,,,,,,,,,,,,,,,,,,,,,,,,
1,555,50,1,1,0,0,1,0,3.1,20,82,7.3,0.041,1290,53.4,185.8,322.3,100.4,0.047,1562,7.89,3,0.55,1.818181818,0.81,0.45,0.73,1.369863014,0.86,0.52,,,,,,,,,,,,,,,,,,,,,,,,,,,,,,,,,,,,,,,,,,,,,,,,,,,,
1,555,50,1,25,0,0,1,0,3.1,20,82,7.3,0.041,1290,53.4,185.8,322.3,100.4,0.047,1562,8.5252,3,0.55,1.818181818,0.81,0.45,0.73,1.369863014,0.86,0.52,,,,,,,,,,,,,,,,,,,,,,,,,,,,,,,,,,,,,,,,,,,,,,,,,,,,
1,555,50,1,75,0,0,1,0,3.1,20,82,7.3,0.041,1290,53.4,185.8,322.3,100.4,0.047,1562,10.1367,4,0.55,1.818181818,0.81,0.45,0.73,1.369863014,0.86,0.52,,,,,,,,,,,,,,,,,,,,,,,,,,,,,,,,,,,,,,,,,,,,,,,,,,,,
1,555,50,1,50,0,0,1,0,3.1,20,82,7.3,0.041,1290,53.4,185.8,322.3,100.4,0.047,1562,10.6275,4,0.55,1.818181818,0.81,0.45,0.73,1.369863014,0.86,0.52,,,,,,,,,,,,,,,,,,,,,,,,,,,,,,,,,,,,,,,,,,,,,,,,,,,,
1,555,50,1,100,0,0,1,0,3.1,20,82,7.3,0.041,1290,53.4,185.8,322.3,100.4,0.047,1562,14.4956,4,0.55,1.818181818,0.81,0.45,0.73,1.369863014,0.86,0.52,,,,,,,,,,,,,,,,,,,,,,,,,,,,,,,,,,,,,,,,,,,,,,,,,,,,
1,555,75,0,0,1,100,0,1,3.1,20,82,7.3,0.041,1290,53.4,185.8,322.3,100.4,0.047,1562,2.17,2,0.55,1.818181818,0.81,0.45,0.73,1.369863014,0.86,0.52,,,,,,,,,,,,,,,,,,,,,,,,,,,,,,,,,,,,,,,,,,,,,,,,,,,,
1,555,75,0,0,0,0,0,0,3.1,20,82,7.3,0.041,1290,53.4,185.8,322.3,100.4,0.047,1562,2.3734,2,0.55,1.818181818,0.81,0.45,0.73,1.369863014,0.86,0.52,,,,,,,,,,,,,,,,,,,,,,,,,,,,,,,,,,,,,,,,,,,,,,,,,,,,
1,555,75,1,25,0,0,1,0,3.1,20,82,7.3,0.041,1290,53.4,185.8,322.3,100.4,0.047,1562,6.0011,3,0.55,1.818181818,0.81,0.45,0.73,1.369863014,0.86,0.52,,,,,,,,,,,,,,,,,,,,,,,,,,,,,,,,,,,,,,,,,,,,,,,,,,,,
1,555,75,1,50,0,0,1,0,3.1,20,82,7.3,0.041,1290,53.4,185.8,322.3,100.4,0.047,1562,8.26,3,0.55,1.818181818,0.81,0.45,0.73,1.369863014,0.86,0.52,,,,,,,,,,,,,,,,,,,,,,,,,,,,,,,,,,,,,,,,,,,,,,,,,,,,
1,555,75,1,75,0,0,1,0,3.1,20,82,7.3,0.041,1290,53.4,185.8,322.3,100.4,0.047,1562,10.7,4,0.55,1.818181818,0.81,0.45,0.73,1.369863014,0.86,0.52,,,,,,,,,,,,,,,,,,,,,,,,,,,,,,,,,,,,,,,,,,,,,,,,,,,,
1,555,75,1,1,0,0,1,0,3.1,20,82,7.3,0.041,1290,53.4,185.8,322.3,100.4,0.047,1562,13.45,4,0.55,1.818181818,0.81,0.45,0.73,1.369863014,0.86,0.52,,,,,,,,,,,,,,,,,,,,,,,,,,,,,,,,,,,,,,,,,,,,,,,,,,,,
1,555,75,1,100,0,0,1,0,3.1,20,82,7.3,0.041,1290,53.4,185.8,322.3,100.4,0.047,1562,35.8679,4,0.55,1.818181818,0.81,0.45,0.73,1.369863014,0.86,0.52,,,,,,,,,,,,,,,,,,,,,,,,,,,,,,,,,,,,,,,,,,,,,,,,,,,,
3,555,25,1,25,0,0,1,0,3,8,19.3,5.5,0.04,1430,53.4,185.8,322.3,100.4,0.047,1562,4.9473,3,0.64,1.5625,0.84,0.55,0.73,1.369863014,0.86,0.52,,,,,,,,,,,,,,,,,,,,,,,,,,,,,,,,,,,,,,,,,,,,,,,,,,,,
3,555,25,1,75,0,0,1,0,3,8,19.3,5.5,0.04,1430,53.4,185.8,322.3,100.4,0.047,1562,5.3533,3,0.64,1.5625,0.84,0.55,0.73,1.369863014,0.86,0.52,,,,,,,,,,,,,,,,,,,,,,,,,,,,,,,,,,,,,,,,,,,,,,,,,,,,
3,555,25,1,50,0,0,1,0,3,8,19.3,5.5,0.04,1430,53.4,185.8,322.3,100.4,0.047,1562,6.4353,3,0.64,1.5625,0.84,0.55,0.73,1.369863014,0.86,0.52,,,,,,,,,,,,,,,,,,,,,,,,,,,,,,,,,,,,,,,,,,,,,,,,,,,,
3,555,25,0,0,1,100,0,1,3,8,19.3,5.5,0.04,1430,53.4,185.8,322.3,100.4,0.047,1562,6.69,3,0.64,1.5625,0.84,0.55,0.73,1.369863014,0.86,0.52,,,,,,,,,,,,,,,,,,,,,,,,,,,,,,,,,,,,,,,,,,,,,,,,,,,,
3,555,25,1,1,0,0,1,0,3,8,19.3,5.5,0.04,1430,53.4,185.8,322.3,100.4,0.047,1562,7.1509,3,0.64,1.5625,0.84,0.55,0.73,1.369863014,0.86,0.52,,,,,,,,,,,,,,,,,,,,,,,,,,,,,,,,,,,,,,,,,,,,,,,,,,,,
3,555,25,1,100,0,0,1,0,3,8,19.3,5.5,0.04,1430,53.4,185.8,322.3,100.4,0.047,1562,8.0466,3,0.64,1.5625,0.84,0.55,0.73,1.369863014,0.86,0.52,,,,,,,,,,,,,,,,,,,,,,,,,,,,,,,,,,,,,,,,,,,,,,,,,,,,
3,555,25,0,0,0,0,0,0,3,8,19.3,5.5,0.04,1430,53.4,185.8,322.3,100.4,0.047,1562,9.44,3,0.64,1.5625,0.84,0.55,0.73,1.369863014,0.86,0.52,,,,,,,,,,,,,,,,,,,,,,,,,,,,,,,,,,,,,,,,,,,,,,,,,,,,
3,555,50,1,50,0,0,1,0,3,8,19.3,5.5,0.04,1430,53.4,185.8,322.3,100.4,0.047,1562,2.8609,2,0.64,1.5625,0.84,0.55,0.73,1.369863014,0.86,0.52,,,,,,,,,,,,,,,,,,,,,,,,,,,,,,,,,,,,,,,,,,,,,,,,,,,,
3,555,50,1,25,0,0,1,0,3,8,19.3,5.5,0.04,1430,53.4,185.8,322.3,100.4,0.047,1562,3.0343,2,0.64,1.5625,0.84,0.55,0.73,1.369863014,0.86,0.52,,,,,,,,,,,,,,,,,,,,,,,,,,,,,,,,,,,,,,,,,,,,,,,,,,,,
3,555,50,0,0,1,100,0,1,3,8,19.3,5.5,0.04,1430,53.4,185.8,322.3,100.4,0.047,1562,3.559685,2,0.64,1.5625,0.84,0.55,0.73,1.369863014,0.86,0.52,,,,,,,,,,,,,,,,,,,,,,,,,,,,,,,,,,,,,,,,,,,,,,,,,,,,
3,555,50,1,75,0,0,1,0,3,8,19.3,5.5,0.04,1430,53.4,185.8,322.3,100.4,0.047,1562,3.8129,2,0.64,1.5625,0.84,0.55,0.73,1.369863014,0.86,0.52,,,,,,,,,,,,,,,,,,,,,,,,,,,,,,,,,,,,,,,,,,,,,,,,,,,,
3,555,50,1,100,0,0,1,0,3,8,19.3,5.5,0.04,1430,53.4,185.8,322.3,100.4,0.047,1562,3.8967,2,0.64,1.5625,0.84,0.55,0.73,1.369863014,0.86,0.52,,,,,,,,,,,,,,,,,,,,,,,,,,,,,,,,,,,,,,,,,,,,,,,,,,,,
3,555,50,0,0,0,0,0,0,3,8,19.3,5.5,0.04,1430,53.4,185.8,322.3,100.4,0.047,1562,4.59,3,0.64,1.5625,0.84,0.55,0.73,1.369863014,0.86,0.52,,,,,,,,,,,,,,,,,,,,,,,,,,,,,,,,,,,,,,,,,,,,,,,,,,,,
3,555,50,1,1,0,0,1,0,3,8,19.3,5.5,0.04,1430,53.4,185.8,322.3,100.4,0.047,1562,5.125,3,0.64,1.5625,0.84,0.55,0.73,1.369863014,0.86,0.52,,,,,,,,,,,,,,,,,,,,,,,,,,,,,,,,,,,,,,,,,,,,,,,,,,,,
3,555,75,1,25,0,0,1,0,3,8,19.3,5.5,0.04,1430,53.4,185.8,322.3,100.4,0.047,1562,2.0709,2,0.64,1.5625,0.84,0.55,0.73,1.369863014,0.86,0.52,,,,,,,,,,,,,,,,,,,,,,,,,,,,,,,,,,,,,,,,,,,,,,,,,,,,
3,555,75,1,50,0,0,1,0,3,8,19.3,5.5,0.04,1430,53.4,185.8,322.3,100.4,0.047,1562,2.4049,2,0.64,1.5625,0.84,0.55,0.73,1.369863014,0.86,0.52,,,,,,,,,,,,,,,,,,,,,,,,,,,,,,,,,,,,,,,,,,,,,,,,,,,,
3,555,75,1,1,0,0,1,0,3,8,19.3,5.5,0.04,1430,53.4,185.8,322.3,100.4,0.047,1562,2.5916,2,0.64,1.5625,0.84,0.55,0.73,1.369863014,0.86,0.52,,,,,,,,,,,,,,,,,,,,,,,,,,,,,,,,,,,,,,,,,,,,,,,,,,,,
3,555,75,0,0,0,0,0,0,3,8,19.3,5.5,0.04,1430,53.4,185.8,322.3,100.4,0.047,1562,2.6137,2,0.64,1.5625,0.84,0.55,0.73,1.369863014,0.86,0.52,,,,,,,,,,,,,,,,,,,,,,,,,,,,,,,,,,,,,,,,,,,,,,,,,,,,
3,555,75,1,75,0,0,1,0,3,8,19.3,5.5,0.04,1430,53.4,185.8,322.3,100.4,0.047,1562,2.6199,2,0.64,1.5625,0.84,0.55,0.73,1.369863014,0.86,0.52,,,,,,,,,,,,,,,,,,,,,,,,,,,,,,,,,,,,,,,,,,,,,,,,,,,,
3,555,75,0,0,1,100,0,1,3,8,19.3,5.5,0.04,1430,53.4,185.8,322.3,100.4,0.047,1562,2.94,2,0.64,1.5625,0.84,0.55,0.73,1.369863014,0.86,0.52,,,,,,,,,,,,,,,,,,,,,,,,,,,,,,,,,,,,,,,,,,,,,,,,,,,,
3,555,75,1,100,0,0,1,0,3,8,19.3,5.5,0.04,1430,53.4,185.8,322.3,100.4,0.047,1562,5.04,3,0.64,1.5625,0.84,0.55,0.73,1.369863014,0.86,0.52,,,,,,,,,,,,,,,,,,,,,,,,,,,,,,,,,,,,,,,,,,,,,,,,,,,,
4,555,25,0,0,0,0,0,0,8.01,28.5,58.7,12.1,0.039,1120,53.4,185.8,322.3,100.4,0.047,1562,5.2368,3,0.6,1.666666667,0.84,0.49,0.73,1.369863014,0.86,0.52,,,,,,,,,,,,,,,,,,,,,,,,,,,,,,,,,,,,,,,,,,,,,,,,,,,,
4,555,50,0,0,0,0,0,0,8.01,28.5,58.7,12.1,0.039,1120,53.4,185.8,322.3,100.4,0.047,1562,4.0492,3,0.6,1.666666667,0.84,0.49,0.73,1.369863014,0.86,0.52,,,,,,,,,,,,,,,,,,,,,,,,,,,,,,,,,,,,,,,,,,,,,,,,,,,,
4,555,75,0,0,0,0,0,0,8.01,28.5,58.7,12.1,0.039,1120,53.4,185.8,322.3,100.4,0.047,1562,3.9091,2,0.6,1.666666667,0.84,0.49,0.73,1.369863014,0.86,0.52,,,,,,,,,,,,,,,,,,,,,,,,,,,,,,,,,,,,,,,,,,,,,,,,,,,,
9,555,25,0,0,0,0,0,0,2.42,8.4,27.6,5.2,0.046,1290,53.4,185.8,322.3,100.4,0.047,1562,3.2188,2,0.61,1.639344262,0.81,0.5,0.73,1.369863014,0.86,0.52,,,,,,,,,,,,,,,,,,,,,,,,,,,,,,,,,,,,,,,,,,,,,,,,,,,,
9,555,25,0,0,1,100,0,1,2.42,8.4,27.6,5.2,0.046,1290,53.4,185.8,322.3,100.4,0.047,1562,4.8,3,0.61,1.639344262,0.81,0.5,0.73,1.369863014,0.86,0.52,,,,,,,,,,,,,,,,,,,,,,,,,,,,,,,,,,,,,,,,,,,,,,,,,,,,
9,555,25,1,1,0,0,1,0,2.42,8.4,27.6,5.2,0.046,1290,53.4,185.8,322.3,100.4,0.047,1562,7.6167,3,0.61,1.639344262,0.81,0.5,0.73,1.369863014,0.86,0.52,,,,,,,,,,,,,,,,,,,,,,,,,,,,,,,,,,,,,,,,,,,,,,,,,,,,
9,555,25,1,25,0,0,1,0,2.42,8.4,27.6,5.2,0.046,1290,53.4,185.8,322.3,100.4,0.047,1562,9.1877,3,0.61,1.639344262,0.81,0.5,0.73,1.369863014,0.86,0.52,,,,,,,,,,,,,,,,,,,,,,,,,,,,,,,,,,,,,,,,,,,,,,,,,,,,
9,555,25,1,50,0,0,1,0,2.42,8.4,27.6,5.2,0.046,1290,53.4,185.8,322.3,100.4,0.047,1562,12.85,4,0.61,1.639344262,0.81,0.5,0.73,1.369863014,0.86,0.52,,,,,,,,,,,,,,,,,,,,,,,,,,,,,,,,,,,,,,,,,,,,,,,,,,,,
9,555,25,1,75,0,0,1,0,2.42,8.4,27.6,5.2,0.046,1290,53.4,185.8,322.3,100.4,0.047,1562,14.3,4,0.61,1.639344262,0.81,0.5,0.73,1.369863014,0.86,0.52,,,,,,,,,,,,,,,,,,,,,,,,,,,,,,,,,,,,,,,,,,,,,,,,,,,,
9,555,25,1,100,0,0,1,0,2.42,8.4,27.6,5.2,0.046,1290,53.4,185.8,322.3,100.4,0.047,1562,16.0667,4,0.61,1.639344262,0.81,0.5,0.73,1.369863014,0.86,0.52,,,,,,,,,,,,,,,,,,,,,,,,,,,,,,,,,,,,,,,,,,,,,,,,,,,,
9,555,50,0,0,0,0,0,0,2.42,8.4,27.6,5.2,0.046,1290,53.4,185.8,322.3,100.4,0.047,1562,2.6848,2,0.61,1.639344262,0.81,0.5,0.73,1.369863014,0.86,0.52,,,,,,,,,,,,,,,,,,,,,,,,,,,,,,,,,,,,,,,,,,,,,,,,,,,,
9,555,50,0,0,1,100,0,1,2.42,8.4,27.6,5.2,0.046,1290,53.4,185.8,322.3,100.4,0.047,1562,3.3925315,2,0.61,1.639344262,0.81,0.5,0.73,1.369863014,0.86,0.52,,,,,,,,,,,,,,,,,,,,,,,,,,,,,,,,,,,,,,,,,,,,,,,,,,,,
9,555,50,1,25,0,0,1,0,2.42,8.4,27.6,5.2,0.046,1290,53.4,185.8,322.3,100.4,0.047,1562,4.9246,3,0.61,1.639344262,0.81,0.5,0.73,1.369863014,0.86,0.52,,,,,,,,,,,,,,,,,,,,,,,,,,,,,,,,,,,,,,,,,,,,,,,,,,,,
9,555,50,1,75,0,0,1,0,2.42,8.4,27.6,5.2,0.046,1290,53.4,185.8,322.3,100.4,0.047,1562,5.06,3,0.61,1.639344262,0.81,0.5,0.73,1.369863014,0.86,0.52,,,,,,,,,,,,,,,,,,,,,,,,,,,,,,,,,,,,,,,,,,,,,,,,,,,,
9,555,50,1,50,0,0,1,0,2.42,8.4,27.6,5.2,0.046,1290,53.4,185.8,322.3,100.4,0.047,1562,5.2435,3,0.61,1.639344262,0.81,0.5,0.73,1.369863014,0.86,0.52,,,,,,,,,,,,,,,,,,,,,,,,,,,,,,,,,,,,,,,,,,,,,,,,,,,,
9,555,50,1,1,0,0,1,0,2.42,8.4,27.6,5.2,0.046,1290,53.4,185.8,322.3,100.4,0.047,1562,5.57,3,0.61,1.639344262,0.81,0.5,0.73,1.369863014,0.86,0.52,,,,,,,,,,,,,,,,,,,,,,,,,,,,,,,,,,,,,,,,,,,,,,,,,,,,
9,555,50,1,100,0,0,1,0,2.42,8.4,27.6,5.2,0.046,1290,53.4,185.8,322.3,100.4,0.047,1562,6.0667,3,0.61,1.639344262,0.81,0.5,0.73,1.369863014,0.86,0.52,,,,,,,,,,,,,,,,,,,,,,,,,,,,,,,,,,,,,,,,,,,,,,,,,,,,
9,555,75,0,0,0,0,0,0,2.42,8.4,27.6,5.2,0.046,1290,53.4,185.8,322.3,100.4,0.047,1562,1.7475,1,0.61,1.639344262,0.81,0.5,0.73,1.369863014,0.86,0.52,,,,,,,,,,,,,,,,,,,,,,,,,,,,,,,,,,,,,,,,,,,,,,,,,,,,
9,555,75,0,0,1,100,0,1,2.42,8.4,27.6,5.2,0.046,1290,53.4,185.8,322.3,100.4,0.047,1562,1.750925333,1,0.61,1.639344262,0.81,0.5,0.73,1.369863014,0.86,0.52,,,,,,,,,,,,,,,,,,,,,,,,,,,,,,,,,,,,,,,,,,,,,,,,,,,,
9,555,75,1,50,0,0,1,0,2.42,8.4,27.6,5.2,0.046,1290,53.4,185.8,322.3,100.4,0.047,1562,2.3619,2,0.61,1.639344262,0.81,0.5,0.73,1.369863014,0.86,0.52,,,,,,,,,,,,,,,,,,,,,,,,,,,,,,,,,,,,,,,,,,,,,,,,,,,,
9,555,75,1,25,0,0,1,0,2.42,8.4,27.6,5.2,0.046,1290,53.4,185.8,322.3,100.4,0.047,1562,3.6634,2,0.61,1.639344262,0.81,0.5,0.73,1.369863014,0.86,0.52,,,,,,,,,,,,,,,,,,,,,,,,,,,,,,,,,,,,,,,,,,,,,,,,,,,,
9,555,75,1,1,0,0,1,0,2.42,8.4,27.6,5.2,0.046,1290,53.4,185.8,322.3,100.4,0.047,1562,4.09,3,0.61,1.639344262,0.81,0.5,0.73,1.369863014,0.86,0.52,,,,,,,,,,,,,,,,,,,,,,,,,,,,,,,,,,,,,,,,,,,,,,,,,,,,
9,555,75,1,75,0,0,1,0,2.42,8.4,27.6,5.2,0.046,1290,53.4,185.8,322.3,100.4,0.047,1562,4.5967,3,0.61,1.639344262,0.81,0.5,0.73,1.369863014,0.86,0.52,,,,,,,,,,,,,,,,,,,,,,,,,,,,,,,,,,,,,,,,,,,,,,,,,,,,
9,555,75,1,100,0,0,1,0,2.42,8.4,27.6,5.2,0.046,1290,53.4,185.8,322.3,100.4,0.047,1562,5.1203,3,0.61,1.639344262,0.81,0.5,0.73,1.369863014,0.86,0.52,,,,,,,,,,,,,,,,,,,,,,,,,,,,,,,,,,,,,,,,,,,,,,,,,,,,
10,555,0,0,0,0,0,0,0,0,0,0,0,0,0,53.4,185.8,322.3,100.4,0.047,1562,11,5,0,0,0,0,0.73,1.369863014,0.86,0.52,,,,,,,,,,,,,,,,,,,,,,,,,,,,,,,,,,,,,,,,,,,,,,,,,,,,
10,555,0,0,0,1,100,0,1,0,0,0,0,0,0,53.4,185.8,322.3,100.4,0.047,1562,13.7,5,0,0,0,0,0.73,1.37,0.86,0.52,,,,,,,,,,,,,,,,,,,,,,,,,,,,,,,,,,,,,,,,,,,,,,,,,,,,
10,555,0,0,0,1,100,0,2,0,0,0,0,0,0,53.4,185.8,322.3,100.4,0.047,1562,18.2,5,0,0,0,0,0.73,1.369863014,0.86,0.52,,,,,,,,,,,,,,,,,,,,,,,,,,,,,,,,,,,,,,,,,,,,,,,,,,,,
10,555,0,0,0,1,50,0,1,0,0,0,0,0,0,53.4,185.8,322.3,100.4,0.047,1562,69.2,5,0,0,0,0,0.73,1.369863014,0.86,0.52,,,,,,,,,,,,,,,,,,,,,,,,,,,,,,,,,,,,,,,,,,,,,,,,,,,,
10,555,0,0,0,1,50,0,2,0,0,0,0,0,0,53.4,185.8,322.3,100.4,0.047,1562,34.2,5,0,0,0,0,0.73,1.369863014,0.86,0.52,,,,,,,,,,,,,,,,,,,,,,,,,,,,,,,,,,,,,,,,,,,,,,,,,,,,
10,555,0,0,0,1,25,0,1,0,0,0,0,0,0,53.4,185.8,322.3,100.4,0.047,1562,14.4,5,0,0,0,0,0.73,1.369863014,0.86,0.52,,,,,,,,,,,,,,,,,,,,,,,,,,,,,,,,,,,,,,,,,,,,,,,,,,,,
10,555,0,0,0,1,25,0,2,0,0,0,0,0,0,53.4,185.8,322.3,100.4,0.047,1562,33,5,0,0,0,0,0.73,1.369863014,0.86,0.52,,,,,,,,,,,,,,,,,,,,,,,,,,,,,,,,,,,,,,,,,,,,,,,,,,,,
10,666,0,0,0,0,0,0,0,0,0,0,0,0,0,8,14.4,22.9,15,0.03234,1444,3.74,2,0,0,0,0,0.73,1.37,0.87,0.59,,,,,,,,,,,,,,,,,,,,,,,,,,,,,,,,,,,,,,,,,,,,,,,,,,,,
10,777,0,0,0,0,0,0,0,0,0,0,0,0,0,4.8,27.9,88.5,10.3,0.03437,1528,2.51,2,0,0,0,0,0.67,1.49,0.86,0.55,,,,,,,,,,,,,,,,,,,,,,,,,,,,,,,,,,,,,,,,,,,,,,,,,,,,
10,888,0,0,0,0,0,0,0,0,0,0,0,0,0,3.5,21.9,56.2,7.3,0.03437,1546,1.95,1,0,0,0,0,0.67,1.49,0.88,0.59,,,,,,,,,,,,,,,,,,,,,,,,,,,,,,,,,,,,,,,,,,,,,,,,,,,,
10,999,0,0,0,0,0,0,0,0,0,0,0,0,0,1.5,9.6,35.4,4.1,0.04382,1642,1.81,1,0,0,0,0,0.66,1.515151515,0.9,0.64,,,,,,,,,,,,,,,,,,,,,,,,,,,,,,,,,,,,,,,,,,,,,,,,,,,,
10,1111,0,0,0,0,0,0,0,0,0,0,0,0,0,0.88,3.2,7.9,2.11,0.043475,1739,1.54,1,0,0,0,0,0.6,1.666666667,0.91,0.71,,,,,,,,,,,,,,,,,,,,,,,,,,,,,,,,,,,,,,,,,,,,,,,,,,,,
10,2222,0,0,0,0,0,0,0,0,0,0,0,0,0,2.9,12.5,32.1,6.4,0.043695,1780,1.6,1,0,0,0,0,0.65,1.538461538,0.84,0.54,,,,,,,,,,,,,,,,,,,,,,,,,,,,,,,,,,,,,,,,,,,,,,,,,,,,
10,3333,0,0,0,0,0,0,0,0,0,0,0,0,0,1.9,8.5,25.5,4.5,0.04267,1710,1.35,1,0,0,0,0,0.64,1.5625,0.86,0.58,,,,,,,,,,,,,,,,,,,,,,,,,,,,,,,,,,,,,,,,,,,,,,,,,,,,
10,4444,0,0,0,0,0,0,0,0,0,0,0,0,0,25.3,93.9,163,38,0.03746,1504,6.63,4,0,0,0,0,0,0,0,0,,,,,,,,,,,,,,,,,,,,,,,,,,,,,,,,,,,,,,,,,,,,,,,,,,,,
10,5555,0,0,0,0,0,0,0,0,0,0,0,0,0,1.3,4.2,22,3.23,0.042505,1734,1.4,1,0,0,0,0,0.62,1.612903226,0.85,0.59,,,,,,,,,,,,,,,,,,,,,,,,,,,,,,,,,,,,,,,,,,,,,,,,,,,,
10,6666,0,0,0,0,0,0,0,0,0,0,0,0,0,65,45,103,11.8,0.042505,1734,3.36,2,0,0,0,0,0.66,1.515151515,0.86,0.53,,,,,,,,,,,,,,,,,,,,,,,,,,,,,,,,,,,,,,,,,,,,,,,,,,,,
1,7777,25,0,0,0,0,0,0,3.1,20,82,7.3,0.041,1290,4.5,28.2,79.6,10.1,0.042,1540,2.0399,2,0.55,1.818181818,0.81,0.45,0.65,1.538461538,0.88,0.6,,,,,,,,,,,,,,,,,,,,,,,,,,,,,,,,,,,,,,,,,,,,,,,,,,,,
1,7777,25,1,25,0,0,1,0,3.1,20,82,7.3,0.041,1290,4.5,28.2,79.6,10.1,0.042,1540,4.3302,3,0.55,1.818181818,0.81,0.45,0.65,1.538461538,0.88,0.6,,,,,,,,,,,,,,,,,,,,,,,,,,,,,,,,,,,,,,,,,,,,,,,,,,,,
1,7777,25,1,50,0,0,1,0,3.1,20,82,7.3,0.041,1290,4.5,28.2,79.6,10.1,0.042,1540,4.5462,3,0.55,1.818181818,0.81,0.45,0.65,1.538461538,0.88,0.6,,,,,,,,,,,,,,,,,,,,,,,,,,,,,,,,,,,,,,,,,,,,,,,,,,,,
1,7777,25,1,75,0,0,1,0,3.1,20,82,7.3,0.041,1290,4.5,28.2,79.6,10.1,0.042,1540,5.5223,3,0.55,1.818181818,0.81,0.45,0.65,1.538461538,0.88,0.6,,,,,,,,,,,,,,,,,,,,,,,,,,,,,,,,,,,,,,,,,,,,,,,,,,,,
1,7777,25,1,1,0,0,1,0,3.1,20,82,7.3,0.041,1290,4.5,28.2,79.6,10.1,0.042,1540,6.5,3,0.55,1.818181818,0.81,0.45,0.65,1.538461538,0.88,0.6,,,,,,,,,,,,,,,,,,,,,,,,,,,,,,,,,,,,,,,,,,,,,,,,,,,,
1,7777,25,1,100,0,0,1,0,3.1,20,82,7.3,0.041,1290,4.5,28.2,79.6,10.1,0.042,1540,8.017,3,0.55,1.818181818,0.81,0.45,0.65,1.538461538,0.88,0.6,,,,,,,,,,,,,,,,,,,,,,,,,,,,,,,,,,,,,,,,,,,,,,,,,,,,
1,7777,25,0,0,1,100,0,1,3.1,20,82,7.3,0.041,1290,4.5,28.2,79.6,10.1,0.042,1540,14.81,4,0.55,1.818181818,0.81,0.45,0.65,1.538461538,0.88,0.6,,,,,,,,,,,,,,,,,,,,,,,,,,,,,,,,,,,,,,,,,,,,,,,,,,,,
1,7777,25,1,100,1,100,1,1,3.1,20,82,7.3,0.041,1290,4.5,28.2,79.6,10.1,0.042,1540,16.72276,4,0.55,1.818181818,0.81,0.45,0.65,1.538461538,0.88,0.6,,,,,,,,,,,,,,,,,,,,,,,,,,,,,,,,,,,,,,,,,,,,,,,,,,,,
1,7777,50,0,0,0,0,0,0,3.1,20,82,7.3,0.041,1290,4.5,28.2,79.6,10.1,0.042,1540,2.0486,2,0.55,1.818181818,0.81,0.45,0.65,1.538461538,0.88,0.6,,,,,,,,,,,,,,,,,,,,,,,,,,,,,,,,,,,,,,,,,,,,,,,,,,,,
1,7777,50,1,75,0,0,1,0,3.1,20,82,7.3,0.041,1290,4.5,28.2,79.6,10.1,0.042,1540,3.24,2,0.55,1.818181818,0.81,0.45,0.65,1.538461538,0.88,0.6,,,,,,,,,,,,,,,,,,,,,,,,,,,,,,,,,,,,,,,,,,,,,,,,,,,,
1,7777,50,1,50,0,0,1,0,3.1,20,82,7.3,0.041,1290,4.5,28.2,79.6,10.1,0.042,1540,3.9707,2,0.55,1.818181818,0.81,0.45,0.65,1.538461538,0.88,0.6,,,,,,,,,,,,,,,,,,,,,,,,,,,,,,,,,,,,,,,,,,,,,,,,,,,,
1,7777,50,1,25,0,0,1,0,3.1,20,82,7.3,0.041,1290,4.5,28.2,79.6,10.1,0.042,1540,4.842,3,0.55,1.818181818,0.81,0.45,0.65,1.538461538,0.88,0.6,,,,,,,,,,,,,,,,,,,,,,,,,,,,,,,,,,,,,,,,,,,,,,,,,,,,
1,7777,50,1,1,0,0,1,0,3.1,20,82,7.3,0.041,1290,4.5,28.2,79.6,10.1,0.042,1540,8.0404,3,0.55,1.818181818,0.81,0.45,0.65,1.538461538,0.88,0.6,,,,,,,,,,,,,,,,,,,,,,,,,,,,,,,,,,,,,,,,,,,,,,,,,,,,
1,7777,50,0,0,1,100,0,1,3.1,20,82,7.3,0.041,1290,4.5,28.2,79.6,10.1,0.042,1540,10.51,4,0.55,1.818181818,0.81,0.45,0.65,1.538461538,0.88,0.6,,,,,,,,,,,,,,,,,,,,,,,,,,,,,,,,,,,,,,,,,,,,,,,,,,,,
1,7777,50,1,100,0,0,1,0,3.1,20,82,7.3,0.041,1290,4.5,28.2,79.6,10.1,0.042,1540,15.0498,4,0.55,1.818181818,0.81,0.45,0.65,1.538461538,0.88,0.6,,,,,,,,,,,,,,,,,,,,,,,,,,,,,,,,,,,,,,,,,,,,,,,,,,,,
1,7777,50,1,100,1,100,1,1,3.1,20,82,7.3,0.041,1290,4.5,28.2,79.6,10.1,0.042,1540,60.32,4,0.55,1.818181818,0.81,0.45,0.65,1.538461538,0.88,0.6,,,,,,,,,,,,,,,,,,,,,,,,,,,,,,,,,,,,,,,,,,,,,,,,,,,,
1,7777,75,0,0,0,0,0,0,3.1,20,82,7.3,0.041,1290,4.5,28.2,79.6,10.1,0.042,1540,2.3701,2,0.55,1.818181818,0.81,0.45,0.65,1.538461538,0.88,0.6,,,,,,,,,,,,,,,,,,,,,,,,,,,,,,,,,,,,,,,,,,,,,,,,,,,,
1,7777,75,1,75,0,0,1,0,3.1,20,82,7.3,0.041,1290,4.5,28.2,79.6,10.1,0.042,1540,4.09,3,0.55,1.818181818,0.81,0.45,0.65,1.538461538,0.88,0.6,,,,,,,,,,,,,,,,,,,,,,,,,,,,,,,,,,,,,,,,,,,,,,,,,,,,
1,7777,75,0,0,1,100,0,1,3.1,20,82,7.3,0.041,1290,4.5,28.2,79.6,10.1,0.042,1540,4.76,3,0.55,1.818181818,0.81,0.45,0.65,1.538461538,0.88,0.6,,,,,,,,,,,,,,,,,,,,,,,,,,,,,,,,,,,,,,,,,,,,,,,,,,,,
1,7777,75,1,50,0,0,1,0,3.1,20,82,7.3,0.041,1290,4.5,28.2,79.6,10.1,0.042,1540,5.9352,3,0.55,1.818181818,0.81,0.45,0.65,1.538461538,0.88,0.6,,,,,,,,,,,,,,,,,,,,,,,,,,,,,,,,,,,,,,,,,,,,,,,,,,,,
1,7777,75,1,1,0,0,1,0,3.1,20,82,7.3,0.041,1290,4.5,28.2,79.6,10.1,0.042,1540,7.7833,3,0.55,1.818181818,0.81,0.45,0.65,1.538461538,0.88,0.6,,,,,,,,,,,,,,,,,,,,,,,,,,,,,,,,,,,,,,,,,,,,,,,,,,,,
1,7777,75,1,100,1,100,1,1,3.1,20,82,7.3,0.041,1290,4.5,28.2,79.6,10.1,0.042,1540,8.929523,3,0.55,1.818181818,0.81,0.45,0.65,1.538461538,0.88,0.6,,,,,,,,,,,,,,,,,,,,,,,,,,,,,,,,,,,,,,,,,,,,,,,,,,,,
1,7777,75,1,100,0,0,1,0,3.1,20,82,7.3,0.041,1290,4.5,28.2,79.6,10.1,0.042,1540,25.5189,4,0.55,1.818181818,0.81,0.45,0.65,1.538461538,0.88,0.6,,,,,,,,,,,,,,,,,,,,,,,,,,,,,,,,,,,,,,,,,,,,,,,,,,,,
1,7777,75,1,25,0,0,1,0,3.1,20,82,7.3,0.041,1290,4.5,28.2,79.6,10.1,0.042,1540,43.6795,4,0.55,1.818181818,0.81,0.45,0.65,1.538461538,0.88,0.6,,,,,,,,,,,,,,,,,,,,,,,,,,,,,,,,,,,,,,,,,,,,,,,,,,,,
4,7777,25,0,0,0,0,0,0,8.01,28.5,58.7,12.1,0.039,1120,4.5,28.2,79.6,10.1,0.042,1540,2.5884,2,0.6,1.666666667,0.84,0.49,0.65,1.538461538,0.88,0.6,,,,,,,,,,,,,,,,,,,,,,,,,,,,,,,,,,,,,,,,,,,,,,,,,,,,
4,7777,25,1,100,0,0,1,0,8.01,28.5,58.7,12.1,0.039,1120,4.5,28.2,79.6,10.1,0.042,1540,2.6474,2,0.6,1.666666667,0.84,0.49,0.65,1.538461538,0.88,0.6,,,,,,,,,,,,,,,,,,,,,,,,,,,,,,,,,,,,,,,,,,,,,,,,,,,,
4,7777,25,1,75,0,0,1,0,8.01,28.5,58.7,12.1,0.039,1120,4.5,28.2,79.6,10.1,0.042,1540,2.696,2,0.6,1.666666667,0.84,0.49,0.65,1.538461538,0.88,0.6,,,,,,,,,,,,,,,,,,,,,,,,,,,,,,,,,,,,,,,,,,,,,,,,,,,,
4,7777,25,1,50,0,0,1,0,8.01,28.5,58.7,12.1,0.039,1120,4.5,28.2,79.6,10.1,0.042,1540,2.7171,2,0.6,1.666666667,0.84,0.49,0.65,1.538461538,0.88,0.6,,,,,,,,,,,,,,,,,,,,,,,,,,,,,,,,,,,,,,,,,,,,,,,,,,,,
4,7777,25,1,25,0,0,1,0,8.01,28.5,58.7,12.1,0.039,1120,4.5,28.2,79.6,10.1,0.042,1540,3.65,2,0.6,1.666666667,0.84,0.49,0.65,1.538461538,0.88,0.6,,,,,,,,,,,,,,,,,,,,,,,,,,,,,,,,,,,,,,,,,,,,,,,,,,,,
4,7777,25,0,0,1,100,0,1,8.01,28.5,58.7,12.1,0.039,1120,4.5,28.2,79.6,10.1,0.042,1540,14,4,0.6,1.666666667,0.84,0.49,0.65,1.538461538,0.88,0.6,,,,,,,,,,,,,,,,,,,,,,,,,,,,,,,,,,,,,,,,,,,,,,,,,,,,
4,7777,25,1,100,1,100,1,1,8.01,28.5,58.7,12.1,0.039,1120,4.5,28.2,79.6,10.1,0.042,1540,25.46,4,0.6,1.666666667,0.84,0.49,0.65,1.538461538,0.88,0.6,,,,,,,,,,,,,,,,,,,,,,,,,,,,,,,,,,,,,,,,,,,,,,,,,,,,
4,7777,50,1,25,0,0,1,0,8.01,28.5,58.7,12.1,0.039,1120,4.5,28.2,79.6,10.1,0.042,1540,2.5876,2,0.6,1.666666667,0.84,0.49,0.65,1.538461538,0.88,0.6,,,,,,,,,,,,,,,,,,,,,,,,,,,,,,,,,,,,,,,,,,,,,,,,,,,,
4,7777,50,1,100,0,0,1,0,8.01,28.5,58.7,12.1,0.039,1120,4.5,28.2,79.6,10.1,0.042,1540,3.1372,2,0.6,1.666666667,0.84,0.49,0.65,1.538461538,0.88,0.6,,,,,,,,,,,,,,,,,,,,,,,,,,,,,,,,,,,,,,,,,,,,,,,,,,,,
4,7777,50,1,75,0,0,1,0,8.01,28.5,58.7,12.1,0.039,1120,4.5,28.2,79.6,10.1,0.042,1540,3.2544,2,0.6,1.666666667,0.84,0.49,0.65,1.538461538,0.88,0.6,,,,,,,,,,,,,,,,,,,,,,,,,,,,,,,,,,,,,,,,,,,,,,,,,,,,
4,7777,50,1,50,0,0,1,0,8.01,28.5,58.7,12.1,0.039,1120,4.5,28.2,79.6,10.1,0.042,1540,3.4296,2,0.6,1.666666667,0.84,0.49,0.65,1.538461538,0.88,0.6,,,,,,,,,,,,,,,,,,,,,,,,,,,,,,,,,,,,,,,,,,,,,,,,,,,,
4,7777,50,0,0,0,0,0,0,8.01,28.5,58.7,12.1,0.039,1120,4.5,28.2,79.6,10.1,0.042,1540,4.26,3,0.6,1.666666667,0.84,0.49,0.65,1.538461538,0.88,0.6,,,,,,,,,,,,,,,,,,,,,,,,,,,,,,,,,,,,,,,,,,,,,,,,,,,,
4,7777,50,0,0,1,100,0,1,8.01,28.5,58.7,12.1,0.039,1120,4.5,28.2,79.6,10.1,0.042,1540,24.32,4,0.6,1.666666667,0.84,0.49,0.65,1.538461538,0.88,0.6,,,,,,,,,,,,,,,,,,,,,,,,,,,,,,,,,,,,,,,,,,,,,,,,,,,,
4,7777,50,1,100,1,100,1,1,8.01,28.5,58.7,12.1,0.039,1120,4.5,28.2,79.6,10.1,0.042,1540,30.84,4,0.6,1.666666667,0.84,0.49,0.65,1.538461538,0.88,0.6,,,,,,,,,,,,,,,,,,,,,,,,,,,,,,,,,,,,,,,,,,,,,,,,,,,,
4,7777,75,1,50,0,0,1,0,8.01,28.5,58.7,12.1,0.039,1120,4.5,28.2,79.6,10.1,0.042,1540,2.8208,2,0.6,1.666666667,0.84,0.49,0.65,1.538461538,0.88,0.6,,,,,,,,,,,,,,,,,,,,,,,,,,,,,,,,,,,,,,,,,,,,,,,,,,,,
4,7777,75,1,100,0,0,1,0,8.01,28.5,58.7,12.1,0.039,1120,4.5,28.2,79.6,10.1,0.042,1540,3.198,2,0.6,1.666666667,0.84,0.49,0.65,1.538461538,0.88,0.6,,,,,,,,,,,,,,,,,,,,,,,,,,,,,,,,,,,,,,,,,,,,,,,,,,,,
4,7777,75,1,25,0,0,1,0,8.01,28.5,58.7,12.1,0.039,1120,4.5,28.2,79.6,10.1,0.042,1540,3.3031,2,0.6,1.666666667,0.84,0.49,0.65,1.538461538,0.88,0.6,,,,,,,,,,,,,,,,,,,,,,,,,,,,,,,,,,,,,,,,,,,,,,,,,,,,
4,7777,75,0,0,0,0,0,0,8.01,28.5,58.7,12.1,0.039,1120,4.5,28.2,79.6,10.1,0.042,1540,3.3164,2,0.6,1.666666667,0.84,0.49,0.65,1.538461538,0.88,0.6,,,,,,,,,,,,,,,,,,,,,,,,,,,,,,,,,,,,,,,,,,,,,,,,,,,,
4,7777,75,1,75,0,0,1,0,8.01,28.5,58.7,12.1,0.039,1120,4.5,28.2,79.6,10.1,0.042,1540,3.3949,2,0.6,1.666666667,0.84,0.49,0.65,1.538461538,0.88,0.6,,,,,,,,,,,,,,,,,,,,,,,,,,,,,,,,,,,,,,,,,,,,,,,,,,,,
4,7777,75,0,0,1,100,0,1,8.01,28.5,58.7,12.1,0.039,1120,4.5,28.2,79.6,10.1,0.042,1540,6.999444,3,0.6,1.666666667,0.84,0.49,0.65,1.538461538,0.88,0.6,,,,,,,,,,,,,,,,,,,,,,,,,,,,,,,,,,,,,,,,,,,,,,,,,,,,
4,7777,75,1,100,1,100,1,1,8.01,28.5,58.7,12.1,0.039,1120,4.5,28.2,79.6,10.1,0.042,1540,10.87,4,0.6,1.666666667,0.84,0.49,0.65,1.538461538,0.88,0.6,,,,,,,,,,,,,,,,,,,,,,,,,,,,,,,,,,,,,,,,,,,,,,,,,,,,
10,7777,0,0,0,0,0,0,0,0,0,0,0,0,0,4.5,28.2,79.6,10.1,0.042,1540,2.43,2,0,0,0,0,0.65,1.538461538,0.88,0.6,,,,,,,,,,,,,,,,,,,,,,,,,,,,,,,,,,,,,,,,,,,,,,,,,,,,
10,7777,0,0,0,1,100,0,1,0,0,0,0,0,0,4.5,28.2,79.6,10.1,0.042,1540,9.03,4,0,0,0,0,0.67,1.492537313,0.86,0.56,,,,,,,,,,,,,,,,,,,,,,,,,,,,,,,,,,,,,,,,,,,,,,,,,,,,
10,7777,0,0,0,1,100,0,2,0,0,0,0,0,0,4.5,28.2,79.6,10.1,0.042,1540,13.4,5,0,0,0,0,0.67,1.492537313,0.86,0.56,,,,,,,,,,,,,,,,,,,,,,,,,,,,,,,,,,,,,,,,,,,,,,,,,,,,
10,7777,0,0,0,1,50,0,1,0,0,0,0,0,0,4.5,28.2,79.6,10.1,0.042,1540,9.85,4,0,0,0,0,0.67,1.492537313,0.86,0.56,,,,,,,,,,,,,,,,,,,,,,,,,,,,,,,,,,,,,,,,,,,,,,,,,,,,
10,7777,0,0,0,1,50,0,2,0,0,0,0,0,0,4.5,28.2,79.6,10.1,0.042,1540,10,5,0,0,0,0,0.67,1.492537313,0.86,0.56,,,,,,,,,,,,,,,,,,,,,,,,,,,,,,,,,,,,,,,,,,,,,,,,,,,,
10,7777,0,0,0,1,25,0,1,0,0,0,0,0,0,4.5,28.2,79.6,10.1,0.042,1540,4.93,3,0,0,0,0,0.67,1.492537313,0.86,0.56,,,,,,,,,,,,,,,,,,,,,,,,,,,,,,,,,,,,,,,,,,,,,,,,,,,,
10,7777,0,0,0,1,25,0,2,0,0,0,0,0,0,4.5,28.2,79.6,10.1,0.042,1540,6.18,4,0,0,0,0,0.67,1.492537313,0.86,0.56,,,,,,,,,,,,,,,,,,,,,,,,,,,,,,,,,,,,,,,,,,,,,,,,,,,,
10,8888,0,0,0,0,0,0,0,0,0,0,0,0,0,3.65,19.2,48.6,6.2,0.04469,1543,1.9,1,0,0,0,0,0.65,1.538461538,0.83,0.53,,,,,,,,,,,,,,,,,,,,,,,,,,,,,,,,,,,,,,,,,,,,,,,,,,,,
10,9999,0,0,0,0,0,0,0,0,0,0,0,0,0,48,115,202,85.2,0.03948,1543,13.4,5,0,0,0,0,0,0,0,0,,,,,,,,,,,,,,,,,,,,,,,,,,,,,,,,,,,,,,,,,,,,,,,,,,,,
3,11111,25,1,75,0,0,1,0,3,8,19.3,5.5,0.04,1430,1.8,8.6,20.5,4.29,0.043,1520,1.8405,1,0.64,1.5625,0.84,0.55,0.65,1.538461538,0.88,0.6,,,,,,,,,,,,,,,,,,,,,,,,,,,,,,,,,,,,,,,,,,,,,,,,,,,,
3,11111,25,0,0,0,0,0,0,3,8,19.3,5.5,0.04,1430,1.8,8.6,20.5,4.29,0.043,1520,2.0561,2,0.64,1.5625,0.84,0.55,0.65,1.538461538,0.88,0.6,,,,,,,,,,,,,,,,,,,,,,,,,,,,,,,,,,,,,,,,,,,,,,,,,,,,
3,11111,25,1,25,0,0,1,0,3,8,19.3,5.5,0.04,1430,1.8,8.6,20.5,4.29,0.043,1520,2.31,2,0.64,1.5625,0.84,0.55,0.65,1.538461538,0.88,0.6,,,,,,,,,,,,,,,,,,,,,,,,,,,,,,,,,,,,,,,,,,,,,,,,,,,,
3,11111,25,1,50,0,0,1,0,3,8,19.3,5.5,0.04,1430,1.8,8.6,20.5,4.29,0.043,1520,2.8104,2,0.64,1.5625,0.84,0.55,0.65,1.538461538,0.88,0.6,,,,,,,,,,,,,,,,,,,,,,,,,,,,,,,,,,,,,,,,,,,,,,,,,,,,
3,11111,25,1,1,0,0,1,0,3,8,19.3,5.5,0.04,1430,1.8,8.6,20.5,4.29,0.043,1520,2.8651,2,0.64,1.5625,0.84,0.55,0.65,1.538461538,0.88,0.6,,,,,,,,,,,,,,,,,,,,,,,,,,,,,,,,,,,,,,,,,,,,,,,,,,,,
3,11111,25,1,100,0,0,1,0,3,8,19.3,5.5,0.04,1430,1.8,8.6,20.5,4.29,0.043,1520,3.1788,2,0.64,1.5625,0.84,0.55,0.65,1.538461538,0.88,0.6,,,,,,,,,,,,,,,,,,,,,,,,,,,,,,,,,,,,,,,,,,,,,,,,,,,,
3,11111,25,1,100,1,100,1,1,3,8,19.3,5.5,0.04,1430,1.8,8.6,20.5,4.29,0.043,1520,5.66,3,0.64,1.5625,0.84,0.55,0.65,1.538461538,0.88,0.6,,,,,,,,,,,,,,,,,,,,,,,,,,,,,,,,,,,,,,,,,,,,,,,,,,,,
3,11111,50,1,25,0,0,1,0,3,8,19.3,5.5,0.04,1430,1.8,8.6,20.5,4.29,0.043,1520,1.6566,1,0.64,1.5625,0.84,0.55,0.65,1.538461538,0.88,0.6,,,,,,,,,,,,,,,,,,,,,,,,,,,,,,,,,,,,,,,,,,,,,,,,,,,,
3,11111,50,0,0,0,0,0,0,3,8,19.3,5.5,0.04,1430,1.8,8.6,20.5,4.29,0.043,1520,2.7564,2,0.64,1.5625,0.84,0.55,0.65,1.538461538,0.88,0.6,,,,,,,,,,,,,,,,,,,,,,,,,,,,,,,,,,,,,,,,,,,,,,,,,,,,
3,11111,50,1,75,0,0,1,0,3,8,19.3,5.5,0.04,1430,1.8,8.6,20.5,4.29,0.043,1520,3.265,2,0.64,1.5625,0.84,0.55,0.65,1.538461538,0.88,0.6,,,,,,,,,,,,,,,,,,,,,,,,,,,,,,,,,,,,,,,,,,,,,,,,,,,,
3,11111,50,1,1,0,0,1,0,3,8,19.3,5.5,0.04,1430,1.8,8.6,20.5,4.29,0.043,1520,3.3925,2,0.64,1.5625,0.84,0.55,0.65,1.538461538,0.88,0.6,,,,,,,,,,,,,,,,,,,,,,,,,,,,,,,,,,,,,,,,,,,,,,,,,,,,
3,11111,50,1,50,0,0,1,0,3,8,19.3,5.5,0.04,1430,1.8,8.6,20.5,4.29,0.043,1520,3.5531,2,0.64,1.5625,0.84,0.55,0.65,1.538461538,0.88,0.6,,,,,,,,,,,,,,,,,,,,,,,,,,,,,,,,,,,,,,,,,,,,,,,,,,,,
3,11111,50,1,100,0,0,1,0,3,8,19.3,5.5,0.04,1430,1.8,8.6,20.5,4.29,0.043,1520,4,3,0.64,1.5625,0.84,0.55,0.65,1.538461538,0.88,0.6,,,,,,,,,,,,,,,,,,,,,,,,,,,,,,,,,,,,,,,,,,,,,,,,,,,,
3,11111,50,1,100,1,100,1,1,3,8,19.3,5.5,0.04,1430,1.8,8.6,20.5,4.29,0.043,1520,4.41,3,0.64,1.5625,0.84,0.55,0.65,1.538461538,0.88,0.6,,,,,,,,,,,,,,,,,,,,,,,,,,,,,,,,,,,,,,,,,,,,,,,,,,,,
3,11111,75,1,50,0,0,1,0,3,8,19.3,5.5,0.04,1430,1.8,8.6,20.5,4.29,0.043,1520,2.3837,2,0.64,1.5625,0.84,0.55,0.65,1.538461538,0.88,0.6,,,,,,,,,,,,,,,,,,,,,,,,,,,,,,,,,,,,,,,,,,,,,,,,,,,,
3,11111,75,1,25,0,0,1,0,3,8,19.3,5.5,0.04,1430,1.8,8.6,20.5,4.29,0.043,1520,2.5109,2,0.64,1.5625,0.84,0.55,0.65,1.538461538,0.88,0.6,,,,,,,,,,,,,,,,,,,,,,,,,,,,,,,,,,,,,,,,,,,,,,,,,,,,
3,11111,75,0,0,0,0,0,0,3,8,19.3,5.5,0.04,1430,1.8,8.6,20.5,4.29,0.043,1520,2.8014,2,0.64,1.5625,0.84,0.55,0.65,1.538461538,0.88,0.6,,,,,,,,,,,,,,,,,,,,,,,,,,,,,,,,,,,,,,,,,,,,,,,,,,,,
3,11111,75,1,1,0,0,1,0,3,8,19.3,5.5,0.04,1430,1.8,8.6,20.5,4.29,0.043,1520,3.879,2,0.64,1.5625,0.84,0.55,0.65,1.538461538,0.88,0.6,,,,,,,,,,,,,,,,,,,,,,,,,,,,,,,,,,,,,,,,,,,,,,,,,,,,
3,11111,75,1,75,0,0,1,0,3,8,19.3,5.5,0.04,1430,1.8,8.6,20.5,4.29,0.043,1520,4.0649,3,0.64,1.5625,0.84,0.55,0.65,1.538461538,0.88,0.6,,,,,,,,,,,,,,,,,,,,,,,,,,,,,,,,,,,,,,,,,,,,,,,,,,,,
3,11111,75,1,100,0,0,1,0,3,8,19.3,5.5,0.04,1430,1.8,8.6,20.5,4.29,0.043,1520,4.1108,3,0.64,1.5625,0.84,0.55,0.65,1.538461538,0.88,0.6,,,,,,,,,,,,,,,,,,,,,,,,,,,,,,,,,,,,,,,,,,,,,,,,,,,,
3,11111,75,1,100,1,100,1,1,3,8,19.3,5.5,0.04,1430,1.8,8.6,20.5,4.29,0.043,1520,4.47,3,0.64,1.5625,0.84,0.55,0.65,1.538461538,0.88,0.6,,,,,,,,,,,,,,,,,,,,,,,,,,,,,,,,,,,,,,,,,,,,,,,,,,,,
9,11111,25,0,0,0,0,0,0,2.42,8.4,27.6,5.2,0.046,1290,1.8,8.6,20.5,4.29,0.043,1520,1.415,1,0.61,1.639344262,0.81,0.5,0.65,1.538461538,0.88,0.6,,,,,,,,,,,,,,,,,,,,,,,,,,,,,,,,,,,,,,,,,,,,,,,,,,,,
9,11111,25,1,25,0,0,1,0,2.42,8.4,27.6,5.2,0.046,1290,1.8,8.6,20.5,4.29,0.043,1520,2.1293,2,0.61,1.639344262,0.81,0.5,0.65,1.538461538,0.88,0.6,,,,,,,,,,,,,,,,,,,,,,,,,,,,,,,,,,,,,,,,,,,,,,,,,,,,
9,11111,25,1,1,0,0,1,0,2.42,8.4,27.6,5.2,0.046,1290,1.8,8.6,20.5,4.29,0.043,1520,2.26,2,0.61,1.639344262,0.81,0.5,0.65,1.538461538,0.88,0.6,,,,,,,,,,,,,,,,,,,,,,,,,,,,,,,,,,,,,,,,,,,,,,,,,,,,
9,11111,25,1,50,0,0,1,0,2.42,8.4,27.6,5.2,0.046,1290,1.8,8.6,20.5,4.29,0.043,1520,2.6786,2,0.61,1.639344262,0.81,0.5,0.65,1.538461538,0.88,0.6,,,,,,,,,,,,,,,,,,,,,,,,,,,,,,,,,,,,,,,,,,,,,,,,,,,,
9,11111,25,1,100,0,0,1,0,2.42,8.4,27.6,5.2,0.046,1290,1.8,8.6,20.5,4.29,0.043,1520,2.964,2,0.61,1.639344262,0.81,0.5,0.65,1.538461538,0.88,0.6,,,,,,,,,,,,,,,,,,,,,,,,,,,,,,,,,,,,,,,,,,,,,,,,,,,,
9,11111,25,1,75,0,0,1,0,2.42,8.4,27.6,5.2,0.046,1290,1.8,8.6,20.5,4.29,0.043,1520,3.2637,2,0.61,1.639344262,0.81,0.5,0.65,1.538461538,0.88,0.6,,,,,,,,,,,,,,,,,,,,,,,,,,,,,,,,,,,,,,,,,,,,,,,,,,,,
9,11111,25,0,0,1,100,0,1,2.42,8.4,27.6,5.2,0.046,1290,1.8,8.6,20.5,4.29,0.043,1520,4.967037667,3,0.61,1.639344262,0.81,0.5,0.65,1.538461538,0.88,0.6,,,,,,,,,,,,,,,,,,,,,,,,,,,,,,,,,,,,,,,,,,,,,,,,,,,,
9,11111,25,1,100,1,100,1,1,2.42,8.4,27.6,5.2,0.046,1290,1.8,8.6,20.5,4.29,0.043,1520,5.31,3,0.61,1.639344262,0.81,0.5,0.65,1.538461538,0.88,0.6,,,,,,,,,,,,,,,,,,,,,,,,,,,,,,,,,,,,,,,,,,,,,,,,,,,,
9,11111,50,0,0,0,0,0,0,2.42,8.4,27.6,5.2,0.046,1290,1.8,8.6,20.5,4.29,0.043,1520,1.4926,1,0.61,1.639344262,0.81,0.5,0.65,1.538461538,0.88,0.6,,,,,,,,,,,,,,,,,,,,,,,,,,,,,,,,,,,,,,,,,,,,,,,,,,,,
9,11111,50,1,25,0,0,1,0,2.42,8.4,27.6,5.2,0.046,1290,1.8,8.6,20.5,4.29,0.043,1520,3.26,2,0.61,1.639344262,0.81,0.5,0.65,1.538461538,0.88,0.6,,,,,,,,,,,,,,,,,,,,,,,,,,,,,,,,,,,,,,,,,,,,,,,,,,,,
9,11111,50,1,100,0,0,1,0,2.42,8.4,27.6,5.2,0.046,1290,1.8,8.6,20.5,4.29,0.043,1520,3.7951,2,0.61,1.639344262,0.81,0.5,0.65,1.538461538,0.88,0.6,,,,,,,,,,,,,,,,,,,,,,,,,,,,,,,,,,,,,,,,,,,,,,,,,,,,
9,11111,50,1,1,0,0,1,0,2.42,8.4,27.6,5.2,0.046,1290,1.8,8.6,20.5,4.29,0.043,1520,4.0733,3,0.61,1.639344262,0.81,0.5,0.65,1.538461538,0.88,0.6,,,,,,,,,,,,,,,,,,,,,,,,,,,,,,,,,,,,,,,,,,,,,,,,,,,,
9,11111,50,1,50,0,0,1,0,2.42,8.4,27.6,5.2,0.046,1290,1.8,8.6,20.5,4.29,0.043,1520,4.4848,3,0.61,1.639344262,0.81,0.5,0.65,1.538461538,0.88,0.6,,,,,,,,,,,,,,,,,,,,,,,,,,,,,,,,,,,,,,,,,,,,,,,,,,,,
9,11111,50,0,0,1,100,0,1,2.42,8.4,27.6,5.2,0.046,1290,1.8,8.6,20.5,4.29,0.043,1520,4.648240333,3,0.61,1.639344262,0.81,0.5,0.65,1.538461538,0.88,0.6,,,,,,,,,,,,,,,,,,,,,,,,,,,,,,,,,,,,,,,,,,,,,,,,,,,,
9,11111,50,1,100,1,100,1,1,2.42,8.4,27.6,5.2,0.046,1290,1.8,8.6,20.5,4.29,0.043,1520,5.61,3,0.61,1.639344262,0.81,0.5,0.65,1.538461538,0.88,0.6,,,,,,,,,,,,,,,,,,,,,,,,,,,,,,,,,,,,,,,,,,,,,,,,,,,,
9,11111,50,1,75,0,0,1,0,2.42,8.4,27.6,5.2,0.046,1290,1.8,8.6,20.5,4.29,0.043,1520,6.2296,3,0.61,1.639344262,0.81,0.5,0.65,1.538461538,0.88,0.6,,,,,,,,,,,,,,,,,,,,,,,,,,,,,,,,,,,,,,,,,,,,,,,,,,,,
9,11111,75,0,0,0,0,0,0,2.42,8.4,27.6,5.2,0.046,1290,1.8,8.6,20.5,4.29,0.043,1520,1.8001,1,0.61,1.639344262,0.81,0.5,0.65,1.538461538,0.88,0.6,,,,,,,,,,,,,,,,,,,,,,,,,,,,,,,,,,,,,,,,,,,,,,,,,,,,
9,11111,75,0,0,1,100,0,1,2.42,8.4,27.6,5.2,0.046,1290,1.8,8.6,20.5,4.29,0.043,1520,3.600502,2,0.61,1.639344262,0.81,0.5,0.65,1.538461538,0.88,0.6,,,,,,,,,,,,,,,,,,,,,,,,,,,,,,,,,,,,,,,,,,,,,,,,,,,,
9,11111,75,1,50,0,0,1,0,2.42,8.4,27.6,5.2,0.046,1290,1.8,8.6,20.5,4.29,0.043,1520,3.662,2,0.61,1.639344262,0.81,0.5,0.65,1.538461538,0.88,0.6,,,,,,,,,,,,,,,,,,,,,,,,,,,,,,,,,,,,,,,,,,,,,,,,,,,,
9,11111,75,1,25,0,0,1,0,2.42,8.4,27.6,5.2,0.046,1290,1.8,8.6,20.5,4.29,0.043,1520,3.7822,2,0.61,1.639344262,0.81,0.5,0.65,1.538461538,0.88,0.6,,,,,,,,,,,,,,,,,,,,,,,,,,,,,,,,,,,,,,,,,,,,,,,,,,,,
9,11111,75,1,1,0,0,1,0,2.42,8.4,27.6,5.2,0.046,1290,1.8,8.6,20.5,4.29,0.043,1520,4.4233,3,0.61,1.639344262,0.81,0.5,0.65,1.538461538,0.88,0.6,,,,,,,,,,,,,,,,,,,,,,,,,,,,,,,,,,,,,,,,,,,,,,,,,,,,
9,11111,75,1,75,0,0,1,0,2.42,8.4,27.6,5.2,0.046,1290,1.8,8.6,20.5,4.29,0.043,1520,4.5626,3,0.61,1.639344262,0.81,0.5,0.65,1.538461538,0.88,0.6,,,,,,,,,,,,,,,,,,,,,,,,,,,,,,,,,,,,,,,,,,,,,,,,,,,,
9,11111,75,1,100,0,0,1,0,2.42,8.4,27.6,5.2,0.046,1290,1.8,8.6,20.5,4.29,0.043,1520,5.5782,3,0.61,1.639344262,0.81,0.5,0.65,1.538461538,0.88,0.6,,,,,,,,,,,,,,,,,,,,,,,,,,,,,,,,,,,,,,,,,,,,,,,,,,,,
9,11111,75,1,100,1,100,1,1,2.42,8.4,27.6,5.2,0.046,1290,1.8,8.6,20.5,4.29,0.043,1520,5.71,3,0.61,1.639344262,0.81,0.5,0.65,1.538461538,0.88,0.6,,,,,,,,,,,,,,,,,,,,,,,,,,,,,,,,,,,,,,,,,,,,,,,,,,,,
10,11111,0,0,0,0,0,0,0,0,0,0,0,0,0,1.8,8.6,20.5,4.29,0.043,1520,1.52,1,0,0,0,0,0.65,1.538461538,0.88,0.6,,,,,,,,,,,,,,,,,,,,,,,,,,,,,,,,,,,,,,,,,,,,,,,,,,,,
10,11111,0,0,0,1,100,0,2,0,0,0,0,0,0,1.8,8.6,20.5,4.29,0.043,1520,4.73,3,0,0,0,0,0.65,1.538461538,0.88,0.6,,,,,,,,,,,,,,,,,,,,,,,,,,,,,,,,,,,,,,,,,,,,,,,,,,,,
